000001.XSHE,-1.570046
000002.XSHE,-0.781723
000006.XSHE,0.13917
000007.XSHE,0.188528
000008.XSHE,-0.306949
000009.XSHE,-0.260419
000010.XSHE,-0.702685
000011.XSHE,-0.795829
000012.XSHE,0.091523
000014.XSHE,-0.511124
000016.XSHE,-0.212343
000017.XSHE,0.191184
000019.XSHE,-0.99786
000020.XSHE,-0.930556
000021.XSHE,2.526502
000025.XSHE,-1.432033
000026.XSHE,0.939545
000027.XSHE,-0.679515
000028.XSHE,-1.301904
000029.XSHE,0.159986
000030.XSHE,-0.635041
000031.XSHE,-0.56501
000032.XSHE,2.087688
000034.XSHE,0.976009
000035.XSHE,-0.09598
000036.XSHE,0.245049
000037.XSHE,-0.854116
000039.XSHE,0.190605
000042.XSHE,-0.642012
000045.XSHE,-0.378043
000048.XSHE,0.52825
000049.XSHE,0.230804
000050.XSHE,0.538322
000055.XSHE,-0.239757
000056.XSHE,0.101403
000058.XSHE,-0.631465
000059.XSHE,-1.439191
000060.XSHE,1.263464
000061.XSHE,-0.576469
000062.XSHE,1.038995
000063.XSHE,0.934587
000065.XSHE,-0.271292
000066.XSHE,1.197363
000068.XSHE,-0.582095
000069.XSHE,-0.796073
000070.XSHE,1.891248
000078.XSHE,-1.413581
000088.XSHE,-1.131249
000089.XSHE,-1.27363
000090.XSHE,-0.902094
000096.XSHE,-1.242006
000099.XSHE,-0.443111
000100.XSHE,0.531771
000151.XSHE,-0.233507
000153.XSHE,-0.750518
000155.XSHE,-0.178739
000156.XSHE,-0.588841
000157.XSHE,-0.654545
000158.XSHE,0.137126
000159.XSHE,-0.588772
000166.XSHE,-0.767927
000301.XSHE,-0.396874
000333.XSHE,-1.708202
000338.XSHE,1.314612
000400.XSHE,-0.533968
000401.XSHE,-1.092113
000402.XSHE,-0.47576
000403.XSHE,-1.179587
000404.XSHE,-0.674329
000407.XSHE,-1.086034
000408.XSHE,0.406068
000409.XSHE,-0.356536
000410.XSHE,-0.117991
000411.XSHE,-0.714387
000415.XSHE,0.057121
000417.XSHE,0.50015
000419.XSHE,-0.926771
000420.XSHE,-0.026646
000421.XSHE,-1.01361
000422.XSHE,-0.160414
000423.XSHE,-1.500561
000425.XSHE,-0.755188
000426.XSHE,2.043282
000428.XSHE,-0.375054
000429.XSHE,-1.383514
000430.XSHE,-0.759809
000488.XSHE,-0.95268
000498.XSHE,-1.221514
000501.XSHE,-0.728025
000503.XSHE,-0.621171
000504.XSHE,-0.62274
000505.XSHE,-1.127593
000506.XSHE,0.792118
000507.XSHE,-0.912997
000509.XSHE,0.740819
000510.XSHE,2.668846
000513.XSHE,-0.923086
000514.XSHE,-0.48903
000516.XSHE,-0.549309
000517.XSHE,-0.784211
000518.XSHE,-0.284762
000519.XSHE,0.664104
000520.XSHE,-0.26548
000521.XSHE,-0.731004
000523.XSHE,-0.714481
000524.XSHE,-0.766012
000525.XSHE,-0.999477
000526.XSHE,-0.969248
000528.XSHE,-0.736497
000529.XSHE,-1.054883
000530.XSHE,-0.235351
000531.XSHE,-0.498348
000532.XSHE,0.020153
000533.XSHE,0.546786
000534.XSHE,1.637998
000536.XSHE,0.017438
000537.XSHE,-0.715665
000538.XSHE,-1.537453
000539.XSHE,-0.017618
000541.XSHE,-0.575072
000543.XSHE,-0.989639
000544.XSHE,-0.889957
000545.XSHE,0.000212
000546.XSHE,0.49032
000547.XSHE,0.827436
000548.XSHE,-0.761121
000550.XSHE,-0.828898
000551.XSHE,1.129515
000552.XSHE,-1.159107
000553.XSHE,-0.451354
000554.XSHE,-1.264474
000555.XSHE,0.505038
000557.XSHE,-0.981507
000558.XSHE,-0.621791
000559.XSHE,0.638591
000560.XSHE,-0.871086
000561.XSHE,0.039347
000563.XSHE,-0.848077
000564.XSHE,-0.118789
000565.XSHE,-0.471385
000566.XSHE,-0.454833
000567.XSHE,0.065518
000568.XSHE,-1.281878
000570.XSHE,-0.388123
000571.XSHE,0.3938
000572.XSHE,-0.264014
000573.XSHE,-0.515791
000576.XSHE,0.059585
000581.XSHE,-0.507023
000582.XSHE,-0.281785
000586.XSHE,1.025446
000589.XSHE,-0.74684
000590.XSHE,-0.458746
000591.XSHE,-0.616151
000592.XSHE,0.218134
000593.XSHE,0.734568
000595.XSHE,-0.502822
000596.XSHE,-1.052736
000597.XSHE,-0.688511
000598.XSHE,-1.225045
000599.XSHE,-0.405781
000600.XSHE,-0.378901
000601.XSHE,-0.297739
000603.XSHE,1.734587
000605.XSHE,-0.544139
000607.XSHE,-0.469477
000608.XSHE,-0.53763
000609.XSHE,-0.19326
000610.XSHE,-0.506148
000612.XSHE,0.338332
000615.XSHE,-0.80819
000617.XSHE,-0.681072
000619.XSHE,-0.558128
000620.XSHE,0.060365
000623.XSHE,-0.355013
000625.XSHE,-1.038568
000626.XSHE,-0.298366
000628.XSHE,-0.081933
000629.XSHE,0.319144
000630.XSHE,1.255335
000631.XSHE,-0.483671
000632.XSHE,-0.557946
000633.XSHE,-0.230351
000635.XSHE,-0.467869
000636.XSHE,2.015921
000637.XSHE,-0.659582
000639.XSHE,-0.556252
000650.XSHE,-0.969718
000651.XSHE,-1.489407
000652.XSHE,-0.653742
000655.XSHE,-0.195785
000656.XSHE,-0.983079
000657.XSHE,2.518627
000659.XSHE,-0.072141
000661.XSHE,-0.371903
000663.XSHE,-0.457475
000665.XSHE,-0.148393
000668.XSHE,-0.672255
000669.XSHE,-1.10528
000670.XSHE,1.032131
000672.XSHE,0.955511
000676.XSHE,-0.364969
000677.XSHE,-0.403409
000678.XSHE,-0.071804
000679.XSHE,-0.269416
000680.XSHE,-0.539716
000681.XSHE,0.333418
000682.XSHE,0.002649
000683.XSHE,-0.754416
000685.XSHE,-0.410047
000686.XSHE,-0.375687
000688.XSHE,0.263069
000690.XSHE,-0.657167
000691.XSHE,0.37058
000692.XSHE,-0.321922
000695.XSHE,-0.443551
000697.XSHE,-0.028756
000698.XSHE,-0.701986
000700.XSHE,1.058819
000701.XSHE,-0.01762
000702.XSHE,-0.626943
000703.XSHE,-0.962854
000705.XSHE,-0.775815
000707.XSHE,-0.760199
000708.XSHE,-1.078062
000709.XSHE,-0.787716
000710.XSHE,0.163506
000711.XSHE,-0.403229
000712.XSHE,0.284831
000713.XSHE,-0.88095
000715.XSHE,-0.544783
000716.XSHE,-0.617732
000717.XSHE,-0.726907
000718.XSHE,-0.581277
000719.XSHE,-1.25116
000720.XSHE,0.346513
000721.XSHE,-1.008865
000722.XSHE,-0.832772
000723.XSHE,-1.284238
000725.XSHE,1.080459
000726.XSHE,-0.92416
000727.XSHE,0.288623
000728.XSHE,-0.571769
000729.XSHE,-1.499784
000731.XSHE,-1.059969
000733.XSHE,1.174177
000735.XSHE,-0.469286
000736.XSHE,-0.95412
000737.XSHE,1.199403
000738.XSHE,0.040113
000739.XSHE,-0.238341
000750.XSHE,-0.448154
000751.XSHE,1.307973
000752.XSHE,-0.745428
000753.XSHE,-0.3607
000755.XSHE,-1.089957
000756.XSHE,-0.567996
000757.XSHE,-0.256968
000758.XSHE,0.705635
000759.XSHE,-0.641257
000761.XSHE,-0.676591
000762.XSHE,0.391333
000766.XSHE,-0.245079
000767.XSHE,-0.078482
000768.XSHE,-0.450932
000776.XSHE,0.094687
000777.XSHE,0.100472
000778.XSHE,-0.730729
000779.XSHE,-1.144591
000782.XSHE,0.515099
000783.XSHE,0.433619
000785.XSHE,-0.837732
000786.XSHE,-1.313813
000788.XSHE,-0.88623
000789.XSHE,-0.966344
000790.XSHE,-0.441617
000791.XSHE,-0.275015
000792.XSHE,0.008443
000793.XSHE,-0.87415
000795.XSHE,0.013392
000796.XSHE,-0.380651
000797.XSHE,-0.573474
000798.XSHE,-1.000454
000799.XSHE,-0.467787
000800.XSHE,-0.973115
000801.XSHE,-0.291324
000802.XSHE,0.180947
000803.XSHE,-0.226299
000807.XSHE,-0.243099
000809.XSHE,-0.717292
000810.XSHE,0.341903
000811.XSHE,2.703021
000812.XSHE,-0.711818
000813.XSHE,-0.786272
000815.XSHE,1.422523
000816.XSHE,-0.151837
000818.XSHE,0.74391
000819.XSHE,-0.597086
000820.XSHE,-0.831293
000821.XSHE,-0.395799
000822.XSHE,-0.77308
000823.XSHE,2.326843
000825.XSHE,-0.436457
000826.XSHE,-0.078559
000828.XSHE,-1.088771
000829.XSHE,-0.312538
000830.XSHE,-0.543358
000831.XSHE,1.06377
000833.XSHE,-0.440934
000837.XSHE,0.28117
000838.XSHE,-1.328914
000839.XSHE,0.004825
000848.XSHE,-1.470307
000850.XSHE,-0.656583
000852.XSHE,-0.556975
000856.XSHE,-0.453157
000858.XSHE,-1.3849
000859.XSHE,0.107837
000860.XSHE,-1.160576
000862.XSHE,-0.514679
000863.XSHE,0.071458
000868.XSHE,-0.682815
000869.XSHE,-1.142429
000875.XSHE,-0.626687
000876.XSHE,-1.02608
000877.XSHE,-0.625962
000878.XSHE,1.062305
000880.XSHE,0.861508
000881.XSHE,-0.237204
000882.XSHE,-0.646171
000883.XSHE,-1.091892
000885.XSHE,-0.977067
000886.XSHE,-0.717416
000887.XSHE,0.649966
000888.XSHE,-0.851331
000889.XSHE,0.956804
000890.XSHE,0.035352
000892.XSHE,0.256465
000893.XSHE,-0.766691
000895.XSHE,-1.747098
000897.XSHE,-0.815088
000898.XSHE,-0.761057
000899.XSHE,-0.587157
000900.XSHE,-1.089365
000901.XSHE,0.582018
000902.XSHE,-0.633138
000903.XSHE,-0.256212
000905.XSHE,-0.457765
000906.XSHE,-0.66833
000908.XSHE,-0.499021
000909.XSHE,-0.771507
000910.XSHE,-0.703633
000911.XSHE,-0.759169
000912.XSHE,-1.118546
000913.XSHE,-1.151416
000915.XSHE,-0.993487
000917.XSHE,0.341605
000919.XSHE,-0.724229
000920.XSHE,-0.296512
000921.XSHE,-0.789419
000922.XSHE,0.880815
000923.XSHE,0.29637
000925.XSHE,0.479261
000926.XSHE,-0.414994
000927.XSHE,-0.948796
000928.XSHE,-0.706831
000929.XSHE,-0.281721
000930.XSHE,-0.945586
000931.XSHE,-0.284392
000932.XSHE,-0.75778
000933.XSHE,-0.355773
000935.XSHE,0.124493
000936.XSHE,0.310174
000937.XSHE,-1.237835
000938.XSHE,1.066575
000948.XSHE,-0.780309
000949.XSHE,0.577906
000950.XSHE,-1.001025
000951.XSHE,-0.355037
000952.XSHE,-0.305068
000953.XSHE,-0.672101
000955.XSHE,-0.366544
000957.XSHE,-0.829523
000958.XSHE,-0.705612
000959.XSHE,-0.871674
000960.XSHE,2.326169
000962.XSHE,2.638799
000963.XSHE,-0.724707
000965.XSHE,-0.745095
000966.XSHE,-1.292609
000967.XSHE,1.405515
000968.XSHE,-1.625681
000969.XSHE,0.931524
000970.XSHE,0.536952
000972.XSHE,-1.117968
000973.XSHE,-0.015071
000975.XSHE,0.33504
000977.XSHE,1.55898
000978.XSHE,-0.597737
000980.XSHE,0.737914
000981.XSHE,0.502799
000983.XSHE,-1.157022
000985.XSHE,-0.819005
000987.XSHE,0.001726
000988.XSHE,2.282603
000989.XSHE,-0.600142
000990.XSHE,-0.621753
000993.XSHE,-0.48512
000995.XSHE,-1.065112
000997.XSHE,0.211594
000998.XSHE,-1.326423
000999.XSHE,-1.444236
001201.XSHE,-0.876776
001202.XSHE,-0.270528
001203.XSHE,-0.006154
001205.XSHE,-0.811189
001206.XSHE,-0.941081
001207.XSHE,-0.480489
001208.XSHE,0.093817
001209.XSHE,-0.293296
001210.XSHE,0.131913
001211.XSHE,-0.275036
001212.XSHE,1.066722
001213.XSHE,-1.178736
001215.XSHE,-0.272964
001216.XSHE,-0.288226
001217.XSHE,-0.685623
001218.XSHE,-0.141686
001219.XSHE,-0.96659
001220.XSHE,-0.721253
001221.XSHE,-0.097293
001222.XSHE,-0.792906
001223.XSHE,1.099001
001225.XSHE,0.027263
001226.XSHE,0.303796
001227.XSHE,-1.517777
001228.XSHE,-0.44432
001229.XSHE,-0.003099
001230.XSHE,-0.439358
001231.XSHE,-0.307571
001232.XSHE,1.88332
001233.XSHE,-0.582321
001234.XSHE,-0.522482
001236.XSHE,-0.333378
001237.XSHE,0.105128
001238.XSHE,-0.729068
001239.XSHE,-0.166834
001248.XSHE,0.048107
001255.XSHE,-0.125056
001256.XSHE,0.353418
001257.XSHE,0.344936
001258.XSHE,-0.496357
001259.XSHE,0.44017
001260.XSHE,-0.165975
001266.XSHE,1.054329
001267.XSHE,2.234156
001268.XSHE,0.209727
001269.XSHE,-0.267562
001270.XSHE,1.126002
001277.XSHE,-0.87518
001278.XSHE,-0.09061
001279.XSHE,-0.61053
001280.XSHE,0.284473
001282.XSHE,0.432661
001283.XSHE,0.544848
001285.XSHE,-0.397942
001286.XSHE,-0.980248
001287.XSHE,1.816969
001288.XSHE,0.463079
001289.XSHE,-1.121698
001296.XSHE,0.258992
001298.XSHE,0.802313
001299.XSHE,-0.652959
001300.XSHE,-0.108489
001301.XSHE,-0.79272
001306.XSHE,0.239223
001308.XSHE,-0.21205
001309.XSHE,2.213143
001311.XSHE,0.147761
001312.XSHE,-0.556352
001313.XSHE,-0.329259
001314.XSHE,0.199852
001316.XSHE,0.303318
001317.XSHE,-0.098915
001318.XSHE,-0.600625
001319.XSHE,-0.17661
001322.XSHE,-1.00447
001323.XSHE,-1.24559
001324.XSHE,-0.184619
001325.XSHE,-0.659707
001326.XSHE,0.87381
001328.XSHE,-0.957568
001330.XSHE,0.430203
001331.XSHE,0.742871
001332.XSHE,0.475494
001333.XSHE,-0.221215
001335.XSHE,-0.349361
001336.XSHE,-0.142523
001337.XSHE,0.923211
001338.XSHE,-1.36071
001339.XSHE,1.688163
001356.XSHE,-0.731287
001358.XSHE,0.218091
001359.XSHE,2.066385
001360.XSHE,0.701709
001365.XSHE,0.240318
001366.XSHE,-0.283793
001367.XSHE,-0.417586
001368.XSHE,-0.395405
001369.XSHE,-0.347638
001373.XSHE,0.425734
001376.XSHE,-0.018398
001378.XSHE,-0.109384
001379.XSHE,-0.100205
001380.XSHE,-0.078658
001382.XSHE,-0.377961
001386.XSHE,-0.524578
001387.XSHE,-0.276245
001388.XSHE,-0.110605
001389.XSHE,2.085502
001390.XSHE,-0.557232
001391.XSHE,-0.948435
001393.XSHE,0.406015
001395.XSHE,-0.709758
001396.XSHE,-0.114876
001399.XSHE,1.861521
001400.XSHE,0.335056
001696.XSHE,0.909071
001872.XSHE,-1.653402
001896.XSHE,0.550903
001914.XSHE,-1.22906
001965.XSHE,-1.521838
001979.XSHE,-0.921246
002001.XSHE,-0.9179
002003.XSHE,-1.588584
002004.XSHE,-0.985565
002005.XSHE,-0.845049
002006.XSHE,0.37283
002007.XSHE,-1.048954
002008.XSHE,2.038226
002009.XSHE,0.326363
002010.XSHE,-0.372912
002011.XSHE,-0.217369
002012.XSHE,0.304325
002014.XSHE,-1.266869
002015.XSHE,0.761466
002016.XSHE,-0.793275
002017.XSHE,0.065453
002019.XSHE,-0.656622
002020.XSHE,-0.496211
002021.XSHE,0.28471
002022.XSHE,-0.703538
002023.XSHE,1.034896
002024.XSHE,-0.784559
002025.XSHE,1.05251
002026.XSHE,0.037631
002027.XSHE,-1.247327
002028.XSHE,0.5554
002029.XSHE,-0.170389
002030.XSHE,-0.229687
002031.XSHE,0.237634
002032.XSHE,-1.525083
002033.XSHE,-0.813738
002034.XSHE,-0.307338
002035.XSHE,-1.226619
002036.XSHE,0.561584
002037.XSHE,-0.127598
002038.XSHE,-0.402261
002039.XSHE,-1.146335
002040.XSHE,-1.058623
002041.XSHE,-1.025939
002042.XSHE,0.327572
002043.XSHE,-1.144981
002044.XSHE,0.406671
002045.XSHE,-0.121678
002046.XSHE,1.998835
002047.XSHE,-0.19729
002048.XSHE,0.712983
002049.XSHE,1.021845
002050.XSHE,0.493068
002051.XSHE,0.379089
002052.XSHE,0.107659
002053.XSHE,-0.334953
002054.XSHE,0.034535
002055.XSHE,0.021588
002056.XSHE,1.195841
002057.XSHE,0.739725
002058.XSHE,0.038981
002059.XSHE,-0.848927
002060.XSHE,-1.023317
002061.XSHE,-1.128125
002062.XSHE,0.344325
002063.XSHE,-0.3217
002064.XSHE,-0.313826
002065.XSHE,-0.040134
002066.XSHE,-0.339781
002067.XSHE,0.274043
002068.XSHE,0.965289
002069.XSHE,-0.815369
002072.XSHE,-0.204359
002073.XSHE,-0.580579
002074.XSHE,-0.014947
002075.XSHE,-0.324813
002076.XSHE,-0.10081
002077.XSHE,1.03448
002078.XSHE,-0.930031
002079.XSHE,1.057903
002080.XSHE,2.703021
002081.XSHE,0.748304
002082.XSHE,-1.090777
002083.XSHE,0.44773
002084.XSHE,-0.553577
002085.XSHE,-0.199019
002086.XSHE,-0.445757
002088.XSHE,-0.164339
002090.XSHE,-0.078438
002091.XSHE,-0.75505
002092.XSHE,-1.035608
002093.XSHE,-0.003978
002094.XSHE,-0.490587
002095.XSHE,-0.265978
002096.XSHE,-0.723149
002097.XSHE,-0.276324
002098.XSHE,-0.845121
002099.XSHE,-0.295567
002100.XSHE,-1.183777
002101.XSHE,-0.941317
002102.XSHE,-0.873413
002103.XSHE,-0.55106
002104.XSHE,-0.14887
002105.XSHE,-0.401694
002106.XSHE,1.162257
002107.XSHE,-0.454532
002108.XSHE,-0.088664
002109.XSHE,-0.930322
002110.XSHE,-0.636429
002111.XSHE,-0.280042
002112.XSHE,0.22127
002114.XSHE,0.791741
002115.XSHE,0.178452
002116.XSHE,-0.697039
002117.XSHE,-0.430235
002119.XSHE,1.73702
002120.XSHE,-0.773882
002121.XSHE,0.134482
002122.XSHE,-0.486738
002123.XSHE,-0.01977
002124.XSHE,-0.640552
002125.XSHE,0.399976
002126.XSHE,1.371428
002127.XSHE,-0.560713
002128.XSHE,-0.761281
002129.XSHE,-0.163224
002130.XSHE,0.682094
002131.XSHE,0.861979
002132.XSHE,-0.068758
002133.XSHE,-0.571473
002134.XSHE,1.074733
002135.XSHE,0.29464
002136.XSHE,0.214685
002137.XSHE,0.900946
002138.XSHE,2.144023
002139.XSHE,-0.399526
002140.XSHE,-0.369442
002141.XSHE,0.540601
002142.XSHE,-1.818678
002144.XSHE,-0.569253
002145.XSHE,0.247314
002146.XSHE,-0.385118
002148.XSHE,-0.008038
002149.XSHE,0.931982
002150.XSHE,0.284366
002151.XSHE,0.799226
002152.XSHE,0.003835
002153.XSHE,-0.080576
002154.XSHE,-0.589379
002155.XSHE,1.172518
002156.XSHE,2.208172
002157.XSHE,-0.579017
002158.XSHE,1.88674
002159.XSHE,-0.823582
002160.XSHE,0.193066
002161.XSHE,0.516181
002162.XSHE,-0.329472
002163.XSHE,0.023577
002164.XSHE,-0.120515
002165.XSHE,-0.992038
002166.XSHE,-0.484997
002167.XSHE,1.532871
002168.XSHE,-0.829102
002169.XSHE,0.61526
002170.XSHE,-0.217772
002171.XSHE,1.05856
002172.XSHE,-0.269564
002173.XSHE,0.258477
002174.XSHE,1.044128
002175.XSHE,-0.114716
002176.XSHE,0.304505
002177.XSHE,0.168502
002178.XSHE,-0.142159
002179.XSHE,0.625078
002180.XSHE,-0.107738
002181.XSHE,0.093278
002182.XSHE,1.033118
002183.XSHE,0.479383
002184.XSHE,-0.133776
002185.XSHE,1.829347
002186.XSHE,-0.69913
002187.XSHE,-0.773321
002188.XSHE,-0.049912
002189.XSHE,0.208115
002190.XSHE,0.146375
002191.XSHE,-0.557828
002192.XSHE,0.620402
002193.XSHE,0.093842
002194.XSHE,0.401509
002195.XSHE,0.609601
002196.XSHE,0.195905
002197.XSHE,0.969495
002198.XSHE,-0.895809
002199.XSHE,-0.615671
002200.XSHE,-0.397482
002201.XSHE,0.951893
002202.XSHE,0.670949
002203.XSHE,1.296415
002204.XSHE,-0.454107
002205.XSHE,-0.500617
002206.XSHE,-0.32714
002207.XSHE,-0.934668
002208.XSHE,0.372846
002209.XSHE,-0.73904
002210.XSHE,0.007434
002211.XSHE,-0.484202
002212.XSHE,-0.250241
002213.XSHE,1.921962
002214.XSHE,-0.549228
002215.XSHE,-0.488276
002216.XSHE,-1.283764
002217.XSHE,0.334911
002218.XSHE,-0.189316
002219.XSHE,-0.353062
002221.XSHE,-0.713099
002222.XSHE,2.258813
002223.XSHE,-0.843579
002224.XSHE,-0.526113
002225.XSHE,0.543737
002226.XSHE,-0.719329
002227.XSHE,-0.056941
002228.XSHE,-0.41915
002229.XSHE,0.548181
002230.XSHE,0.054894
002232.XSHE,-0.210058
002233.XSHE,-1.304453
002234.XSHE,-0.888861
002235.XSHE,0.079411
002236.XSHE,-0.095079
002237.XSHE,1.005904
002238.XSHE,-0.736784
002239.XSHE,-0.473842
002240.XSHE,0.900036
002241.XSHE,0.042283
002242.XSHE,-0.636634
002243.XSHE,0.221075
002244.XSHE,-1.051489
002245.XSHE,1.28563
002246.XSHE,-0.134634
002247.XSHE,-0.177228
002248.XSHE,0.442091
002249.XSHE,-0.026568
002250.XSHE,0.168447
002251.XSHE,-0.334033
002252.XSHE,-1.28242
002253.XSHE,-0.531119
002254.XSHE,0.686224
002255.XSHE,0.324072
002256.XSHE,0.06127
002258.XSHE,-0.499547
002259.XSHE,-0.223422
002261.XSHE,0.186658
002262.XSHE,-1.001847
002263.XSHE,0.453729
002264.XSHE,-0.182764
002265.XSHE,0.056766
002266.XSHE,0.747999
002267.XSHE,-1.516043
002268.XSHE,-0.050724
002269.XSHE,-0.379767
002270.XSHE,0.114187
002271.XSHE,-0.010067
002272.XSHE,1.852712
002273.XSHE,1.816172
002274.XSHE,-0.839694
002275.XSHE,-1.003369
002276.XSHE,0.069236
002277.XSHE,-0.357957
002278.XSHE,-0.328494
002279.XSHE,-0.503515
002281.XSHE,2.562325
002282.XSHE,-0.629284
002283.XSHE,1.524295
002284.XSHE,-0.168154
002285.XSHE,-0.245297
002286.XSHE,-0.351074
002287.XSHE,-0.991473
002289.XSHE,0.573863
002290.XSHE,2.065936
002291.XSHE,-0.134349
002292.XSHE,-0.252123
002293.XSHE,-1.017538
002294.XSHE,-0.362754
002295.XSHE,0.224657
002296.XSHE,0.065164
002297.XSHE,1.850446
002298.XSHE,0.601296
002299.XSHE,-1.016826
002300.XSHE,0.082587
002301.XSHE,0.228485
002302.XSHE,-0.779894
002303.XSHE,0.675869
002304.XSHE,-1.318375
002305.XSHE,-0.846806
002306.XSHE,-0.646879
002307.XSHE,-0.288476
002309.XSHE,-0.207023
002310.XSHE,-0.790159
002311.XSHE,-1.547636
002312.XSHE,-0.318289
002313.XSHE,0.022873
002314.XSHE,-0.751497
002315.XSHE,-0.325252
002316.XSHE,-0.055171
002317.XSHE,-0.2076
002318.XSHE,-0.338392
002319.XSHE,0.585701
002320.XSHE,-0.523911
002321.XSHE,-0.794467
002322.XSHE,-0.494123
002323.XSHE,-0.318246
002324.XSHE,0.751938
002326.XSHE,0.02808
002327.XSHE,-1.513693
002328.XSHE,0.730383
002329.XSHE,-0.160641
002330.XSHE,-0.73417
002331.XSHE,-0.160972
002332.XSHE,-1.211323
002333.XSHE,-0.983229
002334.XSHE,0.146815
002335.XSHE,1.408126
002337.XSHE,-0.256952
002338.XSHE,0.718787
002339.XSHE,0.127967
002340.XSHE,0.124605
002342.XSHE,0.743454
002343.XSHE,-0.291741
002344.XSHE,-0.671165
002345.XSHE,0.151408
002346.XSHE,0.98732
002347.XSHE,0.054293
002348.XSHE,1.151923
002349.XSHE,-0.824192
002350.XSHE,0.262837
002351.XSHE,-0.874428
002352.XSHE,-1.399708
002353.XSHE,2.051434
002354.XSHE,0.305074
002355.XSHE,-0.061949
002356.XSHE,-0.184708
002357.XSHE,0.104008
002358.XSHE,-0.037255
002360.XSHE,-0.614186
002361.XSHE,0.799537
002362.XSHE,0.118023
002363.XSHE,-0.268065
002364.XSHE,2.414055
002365.XSHE,-0.097778
002366.XSHE,-0.049387
002367.XSHE,-0.272372
002368.XSHE,0.188718
002369.XSHE,0.074942
002370.XSHE,-0.33898
002371.XSHE,1.367762
002372.XSHE,-1.163981
002373.XSHE,-0.206167
002374.XSHE,-0.290879
002375.XSHE,-0.417734
002376.XSHE,-0.455463
002377.XSHE,-0.403886
002378.XSHE,1.171894
002379.XSHE,-0.160353
002380.XSHE,0.673828
002381.XSHE,-0.759608
002382.XSHE,-0.791515
002383.XSHE,0.161788
002384.XSHE,2.33976
002385.XSHE,-0.907486
002386.XSHE,-0.407165
002387.XSHE,0.02545
002388.XSHE,0.682119
002389.XSHE,-0.252644
002390.XSHE,-0.892412
002391.XSHE,-0.622084
002392.XSHE,0.212085
002393.XSHE,-0.642901
002394.XSHE,-0.190659
002395.XSHE,-0.595995
002396.XSHE,0.958248
002397.XSHE,-0.321591
002398.XSHE,-0.387944
002399.XSHE,-0.633823
002400.XSHE,0.318243
002401.XSHE,-0.516582
002402.XSHE,1.096034
002403.XSHE,-0.343205
002404.XSHE,-0.653875
002405.XSHE,-0.11327
002406.XSHE,-0.386458
002407.XSHE,0.592294
002408.XSHE,-1.091049
002409.XSHE,2.224311
002410.XSHE,-0.379517
002412.XSHE,-0.639786
002413.XSHE,0.778749
002414.XSHE,0.463997
002415.XSHE,-0.094335
002416.XSHE,-0.528472
002418.XSHE,1.50723
002419.XSHE,-0.709817
002420.XSHE,-0.223424
002421.XSHE,0.77513
002422.XSHE,-0.084436
002423.XSHE,-0.598497
002424.XSHE,-0.866719
002425.XSHE,0.087286
002426.XSHE,1.060109
002427.XSHE,-0.614757
002428.XSHE,2.703021
002429.XSHE,1.741807
002430.XSHE,-0.557742
002431.XSHE,-0.650612
002432.XSHE,0.845366
002434.XSHE,-0.21472
002436.XSHE,2.683865
002437.XSHE,0.313031
002438.XSHE,0.309783
002439.XSHE,-0.350641
002440.XSHE,0.439791
002441.XSHE,-0.193079
002442.XSHE,-0.133519
002443.XSHE,-0.004264
002444.XSHE,-0.408263
002445.XSHE,-0.422077
002446.XSHE,1.215852
002448.XSHE,1.040253
002449.XSHE,0.409699
002451.XSHE,-0.016234
002452.XSHE,0.211476
002453.XSHE,0.186905
002454.XSHE,-0.253909
002455.XSHE,0.105333
002456.XSHE,0.564298
002457.XSHE,-0.194214
002458.XSHE,-0.413982
002459.XSHE,-0.116075
002460.XSHE,0.525337
002461.XSHE,-1.332774
002462.XSHE,-0.632969
002463.XSHE,2.224848
002465.XSHE,0.807336
002466.XSHE,0.655437
002467.XSHE,0.267774
002468.XSHE,-0.538162
002469.XSHE,-0.835025
002470.XSHE,-0.077501
002471.XSHE,0.144271
002472.XSHE,0.479571
002474.XSHE,-0.114681
002475.XSHE,1.370171
002476.XSHE,0.031799
002478.XSHE,0.297016
002479.XSHE,-0.626503
002480.XSHE,-0.455614
002481.XSHE,-0.931559
002482.XSHE,-0.499862
002483.XSHE,-0.422236
002484.XSHE,2.703021
002485.XSHE,-0.408428
002486.XSHE,-0.354503
002487.XSHE,0.60755
002488.XSHE,-0.028951
002489.XSHE,-0.475848
002490.XSHE,-1.528332
002491.XSHE,2.479844
002492.XSHE,-0.1895
002493.XSHE,-0.595014
002494.XSHE,-0.512033
002495.XSHE,-0.463691
002496.XSHE,-0.166423
002497.XSHE,0.282159
002498.XSHE,0.572096
002500.XSHE,-0.592297
002501.XSHE,-0.266766
002506.XSHE,0.243355
002507.XSHE,-1.440938
002508.XSHE,-1.519007
002510.XSHE,-0.428395
002511.XSHE,-0.8529
002512.XSHE,-0.635719
002513.XSHE,0.081237
002514.XSHE,-0.407551
002515.XSHE,1.335058
002516.XSHE,-0.151095
002517.XSHE,0.027408
002518.XSHE,1.602771
002519.XSHE,0.413597
002520.XSHE,0.805429
002521.XSHE,-0.528134
002522.XSHE,0.560213
002523.XSHE,-0.013618
002524.XSHE,-0.351099
002526.XSHE,-0.172468
002527.XSHE,0.256343
002528.XSHE,-0.996404
002529.XSHE,-0.344547
002530.XSHE,-0.166767
002531.XSHE,-0.05507
002532.XSHE,-0.013011
002533.XSHE,0.012131
002534.XSHE,0.971706
002535.XSHE,-0.440254
002536.XSHE,2.363009
002537.XSHE,-0.089685
002538.XSHE,-0.559593
002539.XSHE,-0.244085
002540.XSHE,-0.373806
002541.XSHE,-1.01283
002542.XSHE,-0.649117
002543.XSHE,-1.470377
002544.XSHE,0.467855
002545.XSHE,-0.176915
002546.XSHE,0.048756
002547.XSHE,-0.672651
002548.XSHE,-0.270845
002549.XSHE,-0.432861
002550.XSHE,-0.431384
002551.XSHE,-0.491873
002552.XSHE,2.6379
002553.XSHE,-0.258499
002554.XSHE,-0.479738
002555.XSHE,-0.180516
002556.XSHE,-0.711074
002557.XSHE,-1.363149
002558.XSHE,-0.237152
002559.XSHE,0.707461
002560.XSHE,0.517131
002561.XSHE,-0.904444
002562.XSHE,0.117024
002563.XSHE,-1.174242
002564.XSHE,-0.13833
002565.XSHE,0.613119
002566.XSHE,-0.70239
002567.XSHE,-0.916003
002568.XSHE,-1.350433
002569.XSHE,-0.642044
002570.XSHE,-0.645016
002571.XSHE,-0.366099
002572.XSHE,-1.446395
002573.XSHE,-0.688522
002574.XSHE,-0.404994
002575.XSHE,0.269537
002576.XSHE,-0.095337
002577.XSHE,0.22309
002578.XSHE,0.321335
002579.XSHE,2.341012
002580.XSHE,0.131415
002581.XSHE,-0.495708
002582.XSHE,-0.276013
002583.XSHE,-0.165493
002584.XSHE,0.122083
002585.XSHE,1.496119
002586.XSHE,-0.667631
002587.XSHE,0.179604
002588.XSHE,-0.697033
002589.XSHE,-0.226012
002590.XSHE,0.000525
002591.XSHE,0.095527
002592.XSHE,-1.144258
002593.XSHE,-0.459691
002594.XSHE,-1.008336
002595.XSHE,-0.327476
002596.XSHE,-0.504154
002597.XSHE,-0.696594
002598.XSHE,-0.87808
002599.XSHE,-0.563343
002600.XSHE,1.288211
002601.XSHE,-0.414799
002602.XSHE,-0.621593
002603.XSHE,-0.790381
002605.XSHE,-0.505044
002606.XSHE,0.325492
002607.XSHE,-0.114729
002608.XSHE,-0.772818
002609.XSHE,-0.238284
002611.XSHE,0.270415
002612.XSHE,-0.929522
002613.XSHE,0.214187
002614.XSHE,-0.751358
002615.XSHE,-0.418852
002616.XSHE,-0.47675
002617.XSHE,0.741128
002620.XSHE,-0.842857
002622.XSHE,-0.050498
002623.XSHE,0.086641
002624.XSHE,0.181969
002625.XSHE,0.127953
002626.XSHE,-0.50399
002627.XSHE,-0.641923
002628.XSHE,0.353356
002629.XSHE,-0.761309
002630.XSHE,-0.227115
002631.XSHE,0.918344
002632.XSHE,0.012375
002633.XSHE,0.006171
002634.XSHE,-0.426742
002635.XSHE,1.29134
002636.XSHE,2.398842
002637.XSHE,-0.729243
002638.XSHE,0.396594
002639.XSHE,0.145601
002640.XSHE,0.250657
002641.XSHE,-0.811171
002642.XSHE,-0.761939
002643.XSHE,1.09645
002644.XSHE,-0.953343
002645.XSHE,1.952655
002646.XSHE,-1.014939
002647.XSHE,0.197166
002648.XSHE,-0.910138
002649.XSHE,-0.009351
002650.XSHE,-0.794274
002651.XSHE,-0.129361
002652.XSHE,0.221416
002653.XSHE,0.13941
002654.XSHE,1.735963
002655.XSHE,1.885761
002656.XSHE,-0.909586
002657.XSHE,0.188788
002658.XSHE,-0.227797
002659.XSHE,-0.11121
002660.XSHE,-0.075118
002661.XSHE,-1.113732
002662.XSHE,-0.027806
002663.XSHE,0.107173
002664.XSHE,0.499584
002666.XSHE,-0.278364
002667.XSHE,-0.356672
002668.XSHE,-0.60259
002669.XSHE,0.983742
002670.XSHE,-0.401929
002671.XSHE,-0.553577
002672.XSHE,-0.469697
002673.XSHE,-0.526454
002674.XSHE,-0.0752
002675.XSHE,-0.953909
002676.XSHE,0.08263
002677.XSHE,-0.836769
002678.XSHE,-0.568575
002679.XSHE,-0.762748
002681.XSHE,-0.085708
002682.XSHE,0.0435
002683.XSHE,0.323217
002685.XSHE,0.346918
002686.XSHE,-0.52781
002687.XSHE,-0.430199
002688.XSHE,-0.622209
002689.XSHE,-0.702419
002690.XSHE,-0.55503
002691.XSHE,-0.102111
002692.XSHE,0.038574
002693.XSHE,-0.042495
002694.XSHE,-0.603736
002695.XSHE,-0.554397
002696.XSHE,-0.619678
002697.XSHE,-0.921973
002698.XSHE,-0.126118
002700.XSHE,-0.455911
002701.XSHE,-1.140832
002702.XSHE,-0.48135
002703.XSHE,0.146231
002705.XSHE,-0.969798
002706.XSHE,0.9495
002707.XSHE,-0.532732
002708.XSHE,0.997396
002709.XSHE,0.499877
002712.XSHE,-0.16134
002713.XSHE,0.183283
002714.XSHE,-1.097837
002715.XSHE,-0.537395
002716.XSHE,1.444594
002717.XSHE,-1.229199
002718.XSHE,0.802466
002719.XSHE,-0.39486
002721.XSHE,-0.185349
002722.XSHE,-0.439289
002723.XSHE,-0.187535
002724.XSHE,-0.117361
002725.XSHE,0.931478
002726.XSHE,-1.610314
002727.XSHE,-1.165761
002728.XSHE,-0.266086
002729.XSHE,0.659447
002730.XSHE,0.797486
002731.XSHE,-1.407302
002732.XSHE,-0.84533
002733.XSHE,0.966913
002734.XSHE,0.24432
002735.XSHE,0.849196
002736.XSHE,-0.599953
002737.XSHE,-1.425997
002738.XSHE,0.756042
002739.XSHE,-0.809971
002741.XSHE,2.165518
002742.XSHE,-0.098912
002743.XSHE,-0.019764
002745.XSHE,1.448501
002746.XSHE,-1.408097
002747.XSHE,0.630957
002748.XSHE,-0.192987
002749.XSHE,-1.298562
002752.XSHE,-0.273324
002753.XSHE,-0.923998
002755.XSHE,-0.166809
002756.XSHE,0.140916
002757.XSHE,0.887151
002758.XSHE,-0.858599
002759.XSHE,0.05391
002760.XSHE,0.113802
002761.XSHE,-0.867527
002762.XSHE,-0.133018
002763.XSHE,-0.785016
002765.XSHE,-0.127263
002766.XSHE,-0.69257
002767.XSHE,-0.446879
002768.XSHE,1.046734
002769.XSHE,-0.342744
002771.XSHE,0.255293
002772.XSHE,-0.308684
002773.XSHE,-0.503462
002774.XSHE,0.47169
002775.XSHE,-0.173246
002777.XSHE,-0.167871
002778.XSHE,-0.245143
002779.XSHE,0.896857
002780.XSHE,-0.405604
002782.XSHE,1.365425
002783.XSHE,-0.555185
002785.XSHE,0.218056
002786.XSHE,-0.54887
002787.XSHE,1.617418
002788.XSHE,-0.53554
002789.XSHE,-0.186586
002790.XSHE,-0.693174
002791.XSHE,-0.492969
002792.XSHE,1.367806
002793.XSHE,-0.060882
002795.XSHE,0.109339
002796.XSHE,1.871082
002797.XSHE,-0.364497
002798.XSHE,-0.59319
002799.XSHE,-0.550306
002800.XSHE,-0.124826
002801.XSHE,0.188835
002802.XSHE,-0.090804
002803.XSHE,0.551108
002805.XSHE,1.022333
002806.XSHE,0.575554
002807.XSHE,-1.509171
002809.XSHE,-0.398352
002810.XSHE,-0.131609
002811.XSHE,0.099563
002812.XSHE,0.152156
002813.XSHE,-0.465795
002815.XSHE,1.858159
002816.XSHE,-0.273289
002817.XSHE,-0.588689
002818.XSHE,-0.999477
002819.XSHE,0.159998
002820.XSHE,-0.3412
002821.XSHE,0.680858
002822.XSHE,-0.628694
002823.XSHE,0.194565
002824.XSHE,1.895933
002825.XSHE,-0.163436
002826.XSHE,-0.044149
002827.XSHE,0.323472
002828.XSHE,-1.209331
002829.XSHE,0.054267
002830.XSHE,0.398342
002831.XSHE,0.636972
002832.XSHE,-0.879806
002833.XSHE,-0.114459
002835.XSHE,-0.253731
002836.XSHE,-0.207143
002837.XSHE,2.186232
002838.XSHE,1.284297
002839.XSHE,-1.536748
002840.XSHE,-0.917535
002841.XSHE,0.165258
002842.XSHE,1.161455
002843.XSHE,1.252795
002845.XSHE,0.788631
002846.XSHE,0.068462
002847.XSHE,-1.568617
002848.XSHE,0.320336
002849.XSHE,0.546093
002850.XSHE,0.378656
002851.XSHE,2.703021
002852.XSHE,-0.772988
002853.XSHE,-0.025474
002855.XSHE,0.180679
002856.XSHE,-0.527196
002857.XSHE,0.242767
002858.XSHE,-0.05886
002859.XSHE,2.200393
002860.XSHE,0.041176
002861.XSHE,0.79827
002862.XSHE,-0.014896
002863.XSHE,-0.09371
002864.XSHE,-0.469709
002865.XSHE,1.119397
002866.XSHE,0.449595
002867.XSHE,-1.208455
002868.XSHE,-0.255211
002869.XSHE,-0.316448
002870.XSHE,-0.162077
002871.XSHE,0.928528
002872.XSHE,-0.430036
002873.XSHE,-0.686319
002875.XSHE,0.190952
002876.XSHE,0.622562
002877.XSHE,-0.330363
002878.XSHE,-0.533233
002879.XSHE,0.317811
002880.XSHE,-0.621901
002881.XSHE,-0.040439
002882.XSHE,-0.20941
002883.XSHE,-0.749563
002884.XSHE,-0.925706
002885.XSHE,2.090846
002886.XSHE,1.200471
002887.XSHE,0.217104
002888.XSHE,0.225835
002889.XSHE,-1.086952
002890.XSHE,-0.178655
002891.XSHE,-0.853444
002892.XSHE,-0.492758
002893.XSHE,-0.734204
002895.XSHE,-0.14217
002896.XSHE,0.200154
002897.XSHE,2.105372
002899.XSHE,-0.149811
002900.XSHE,-0.543421
002901.XSHE,-0.714121
002902.XSHE,1.471453
002903.XSHE,1.81883
002905.XSHE,-0.459879
002906.XSHE,-0.413678
002907.XSHE,-0.437958
002908.XSHE,-0.188956
002909.XSHE,0.03448
002910.XSHE,-0.151642
002911.XSHE,-1.225897
002912.XSHE,0.247452
002913.XSHE,1.997191
002915.XSHE,-0.367021
002916.XSHE,2.574689
002917.XSHE,-0.294545
002918.XSHE,0.375803
002919.XSHE,0.296018
002920.XSHE,-0.252561
002921.XSHE,0.572329
002922.XSHE,1.665655
002923.XSHE,-0.413596
002925.XSHE,1.078166
002926.XSHE,-0.619764
002927.XSHE,0.865489
002928.XSHE,-0.095713
002929.XSHE,1.657474
002930.XSHE,-0.035768
002931.XSHE,0.642938
002932.XSHE,-0.772855
002933.XSHE,-0.237059
002935.XSHE,0.6502
002936.XSHE,-1.369891
002937.XSHE,0.763993
002938.XSHE,1.870286
002939.XSHE,-0.367315
002940.XSHE,-0.336934
002941.XSHE,-0.640978
002942.XSHE,-0.414212
002943.XSHE,2.050749
002945.XSHE,-0.153428
002946.XSHE,-1.567571
002947.XSHE,1.47476
002948.XSHE,-1.51932
002949.XSHE,-0.502596
002950.XSHE,-0.575531
002951.XSHE,0.28157
002952.XSHE,-0.274853
002953.XSHE,-0.3234
002955.XSHE,-0.09331
002956.XSHE,-0.490615
002957.XSHE,2.377988
002958.XSHE,-1.559682
002959.XSHE,-0.901153
002960.XSHE,-0.413695
002961.XSHE,0.258349
002962.XSHE,0.34001
002963.XSHE,0.413575
002965.XSHE,0.882237
002966.XSHE,-1.692371
002967.XSHE,0.139654
002968.XSHE,-0.405701
002969.XSHE,1.011337
002970.XSHE,1.330543
002971.XSHE,0.527272
002972.XSHE,0.15749
002973.XSHE,-0.582808
002975.XSHE,2.703021
002976.XSHE,0.768256
002977.XSHE,-0.197997
002978.XSHE,-0.000927
002979.XSHE,0.555731
002980.XSHE,1.833982
002981.XSHE,-0.723303
002982.XSHE,-1.335926
002983.XSHE,0.67556
002984.XSHE,-1.059843
002985.XSHE,-0.11567
002986.XSHE,-0.958062
002987.XSHE,-0.342651
002988.XSHE,0.329365
002989.XSHE,1.679284
002990.XSHE,1.402322
002991.XSHE,-1.024032
002992.XSHE,0.712607
002993.XSHE,1.863141
002995.XSHE,-0.197475
002996.XSHE,-0.118141
002997.XSHE,0.072981
002998.XSHE,-0.078408
002999.XSHE,-0.753541
003000.XSHE,-1.253416
003001.XSHE,-0.45289
003002.XSHE,-0.281584
003003.XSHE,-0.31348
003004.XSHE,0.493454
003005.XSHE,-0.399608
003006.XSHE,-1.045144
003007.XSHE,0.535086
003008.XSHE,-0.56477
003009.XSHE,0.00017
003010.XSHE,-0.836099
003011.XSHE,-0.069547
003012.XSHE,-0.979195
003013.XSHE,-0.011513
003015.XSHE,-0.017784
003016.XSHE,-0.678688
003017.XSHE,-0.176289
003018.XSHE,1.814871
003019.XSHE,0.878483
003020.XSHE,-0.015698
003021.XSHE,0.700464
003022.XSHE,0.38722
003023.XSHE,-0.756672
003025.XSHE,-0.063371
003026.XSHE,1.305714
003027.XSHE,-0.0706
003028.XSHE,-0.181603
003029.XSHE,-0.172401
003030.XSHE,-0.454181
003031.XSHE,2.485644
003032.XSHE,-0.285323
003033.XSHE,0.654649
003035.XSHE,-0.32506
003036.XSHE,1.645341
003037.XSHE,-0.734201
003038.XSHE,-0.08417
003039.XSHE,-0.772422
003040.XSHE,0.016713
003041.XSHE,0.383501
003042.XSHE,-0.387518
003043.XSHE,1.507404
003816.XSHE,-1.308828
300001.XSHE,0.129411
300002.XSHE,0.155806
300003.XSHE,-0.113758
300004.XSHE,1.34535
300005.XSHE,1.351655
300006.XSHE,0.226527
300007.XSHE,1.030819
300008.XSHE,0.005675
300009.XSHE,-0.541628
300010.XSHE,0.324985
300011.XSHE,-0.270874
300012.XSHE,-0.011906
300013.XSHE,-0.345636
300014.XSHE,0.302508
300015.XSHE,-0.849347
300016.XSHE,0.301562
300017.XSHE,1.458102
300018.XSHE,1.422384
300019.XSHE,0.543293
300020.XSHE,-0.30176
300021.XSHE,-0.582692
300022.XSHE,-0.705838
300024.XSHE,0.577752
300025.XSHE,-0.072242
300026.XSHE,-0.965442
300027.XSHE,-0.555437
300030.XSHE,-0.176798
300031.XSHE,0.913416
300032.XSHE,0.455058
300033.XSHE,0.748688
300034.XSHE,0.370571
300035.XSHE,-0.430111
300036.XSHE,-0.021149
300037.XSHE,1.614112
300039.XSHE,-0.381893
300040.XSHE,-0.605011
300041.XSHE,1.210326
300042.XSHE,2.703021
300043.XSHE,0.230498
300044.XSHE,-0.587783
300045.XSHE,1.24551
300046.XSHE,0.798834
300047.XSHE,0.260329
300048.XSHE,-0.287959
300049.XSHE,0.117603
300050.XSHE,0.080361
300051.XSHE,-0.069999
300052.XSHE,0.61409
300053.XSHE,1.176339
300054.XSHE,2.097867
300055.XSHE,0.086259
300056.XSHE,-0.182391
300057.XSHE,0.816588
300058.XSHE,1.438525
300059.XSHE,0.013497
300061.XSHE,0.31582
300062.XSHE,0.159752
300063.XSHE,0.961875
300065.XSHE,1.150901
300066.XSHE,0.689398
300067.XSHE,0.467511
300068.XSHE,0.325188
300069.XSHE,-0.679819
300070.XSHE,-0.905045
300071.XSHE,0.607017
300072.XSHE,-0.386095
300073.XSHE,0.388725
300074.XSHE,0.139118
300075.XSHE,-0.19176
300076.XSHE,-0.399513
300077.XSHE,1.381851
300078.XSHE,-0.077975
300079.XSHE,-0.134137
300080.XSHE,-0.508959
300081.XSHE,0.30735
300082.XSHE,0.627459
300083.XSHE,1.761001
300084.XSHE,-0.294886
300085.XSHE,1.047836
300086.XSHE,-0.337299
300087.XSHE,-1.072407
300088.XSHE,1.656404
300091.XSHE,-0.679562
300092.XSHE,-0.062968
300093.XSHE,0.810328
300094.XSHE,-0.422831
300095.XSHE,0.244136
300096.XSHE,0.382691
300097.XSHE,0.768697
300098.XSHE,0.341357
300099.XSHE,0.46394
300100.XSHE,0.342938
300101.XSHE,0.637667
300102.XSHE,1.493411
300103.XSHE,0.036353
300105.XSHE,-0.80777
300106.XSHE,-0.062014
300107.XSHE,-0.171613
300109.XSHE,0.599613
300110.XSHE,-0.664218
300111.XSHE,0.079463
300112.XSHE,0.480101
300113.XSHE,0.745885
300115.XSHE,0.934317
300118.XSHE,0.861794
300119.XSHE,-0.712622
300120.XSHE,0.534492
300121.XSHE,0.695165
300122.XSHE,-0.164183
300123.XSHE,-0.220047
300124.XSHE,0.087309
300125.XSHE,0.006526
300126.XSHE,-0.073822
300127.XSHE,0.506725
300128.XSHE,1.270396
300129.XSHE,0.844244
300130.XSHE,0.525348
300131.XSHE,2.158047
300132.XSHE,-0.033753
300133.XSHE,0.762669
300134.XSHE,0.401781
300135.XSHE,-0.73761
300136.XSHE,2.703021
300137.XSHE,1.677583
300138.XSHE,-1.021998
300139.XSHE,1.619879
300140.XSHE,-0.58326
300141.XSHE,0.348012
300142.XSHE,0.589556
300143.XSHE,-0.054253
300144.XSHE,-0.912217
300145.XSHE,0.844283
300146.XSHE,-0.710094
300147.XSHE,-0.226362
300148.XSHE,-0.01142
300149.XSHE,0.039112
300150.XSHE,-0.080004
300151.XSHE,2.414955
300152.XSHE,-0.342457
300153.XSHE,1.476298
300154.XSHE,0.34912
300155.XSHE,-0.671245
300157.XSHE,-0.708116
300158.XSHE,-0.501925
300159.XSHE,0.177724
300160.XSHE,-0.500342
300161.XSHE,0.473809
300162.XSHE,0.969466
300163.XSHE,0.076472
300164.XSHE,-1.998784
300165.XSHE,0.305917
300166.XSHE,1.757288
300167.XSHE,-0.109959
300168.XSHE,-0.047529
300169.XSHE,-0.026909
300170.XSHE,0.996891
300171.XSHE,-0.108031
300172.XSHE,-0.634752
300173.XSHE,-0.296083
300174.XSHE,1.354122
300175.XSHE,-0.343755
300176.XSHE,-0.597901
300177.XSHE,0.263131
300179.XSHE,2.703021
300180.XSHE,-0.249705
300181.XSHE,-0.97564
300182.XSHE,0.500222
300183.XSHE,0.305034
300184.XSHE,2.003526
300185.XSHE,-0.300454
300187.XSHE,-0.364231
300188.XSHE,-0.523675
300189.XSHE,-0.186745
300190.XSHE,-0.429498
300191.XSHE,-0.986426
300192.XSHE,0.729183
300193.XSHE,-0.163158
300194.XSHE,-0.754773
300195.XSHE,0.549043
300196.XSHE,2.180841
300197.XSHE,0.07946
300198.XSHE,-0.998413
300199.XSHE,1.569765
300200.XSHE,0.267714
300201.XSHE,1.580718
300203.XSHE,-0.209433
300204.XSHE,0.106929
300205.XSHE,-1.121675
300206.XSHE,0.075337
300207.XSHE,0.278304
300209.XSHE,2.620401
300210.XSHE,-0.078117
300211.XSHE,0.057595
300212.XSHE,-0.614055
300213.XSHE,0.142985
300214.XSHE,0.659998
300215.XSHE,0.114907
300217.XSHE,0.274996
300218.XSHE,-0.403675
300219.XSHE,0.50661
300220.XSHE,0.031299
300221.XSHE,1.40435
300222.XSHE,1.128979
300223.XSHE,2.703021
300224.XSHE,0.584679
300225.XSHE,0.348733
300226.XSHE,0.189497
300227.XSHE,1.678819
300228.XSHE,-0.133602
300229.XSHE,0.888746
300230.XSHE,-0.47064
300231.XSHE,0.827991
300232.XSHE,0.14953
300233.XSHE,-0.37983
300234.XSHE,0.583311
300235.XSHE,-0.168907
300236.XSHE,2.227071
300237.XSHE,-0.854579
300238.XSHE,0.049021
300239.XSHE,-0.205518
300240.XSHE,-0.49334
300241.XSHE,0.544561
300242.XSHE,0.130967
300243.XSHE,1.572778
300244.XSHE,0.759152
300245.XSHE,0.028356
300246.XSHE,0.135135
300247.XSHE,-0.340859
300248.XSHE,0.390596
300249.XSHE,1.497936
300250.XSHE,0.295177
300251.XSHE,-0.296197
300252.XSHE,1.652991
300253.XSHE,0.415229
300254.XSHE,0.11475
300255.XSHE,-0.270682
300256.XSHE,-0.005115
300257.XSHE,1.293953
300258.XSHE,0.303683
300259.XSHE,0.92725
300260.XSHE,1.844008
300261.XSHE,-0.50226
300263.XSHE,1.742422
300264.XSHE,-0.350984
300265.XSHE,1.416945
300266.XSHE,-0.418428
300267.XSHE,0.230111
300268.XSHE,-0.021783
300269.XSHE,0.870391
300270.XSHE,1.770934
300271.XSHE,-0.025019
300272.XSHE,-0.229593
300274.XSHE,0.338121
300275.XSHE,-0.023676
300276.XSHE,0.198005
300277.XSHE,1.131619
300278.XSHE,0.339807
300279.XSHE,0.636392
300281.XSHE,0.031473
300283.XSHE,2.117792
300284.XSHE,-0.704978
300285.XSHE,2.703021
300286.XSHE,0.899517
300287.XSHE,0.38354
300288.XSHE,-0.263395
300289.XSHE,-0.360363
300290.XSHE,-0.762661
300291.XSHE,0.2259
300292.XSHE,0.742963
300293.XSHE,-0.369706
300294.XSHE,-0.955036
300295.XSHE,-0.445772
300296.XSHE,0.260616
300298.XSHE,-0.924684
300299.XSHE,0.168468
300300.XSHE,0.107943
300301.XSHE,-0.679857
300302.XSHE,2.569663
300303.XSHE,0.949629
300304.XSHE,1.314096
300305.XSHE,0.080844
300306.XSHE,-0.10059
300307.XSHE,0.302147
300308.XSHE,2.137898
300310.XSHE,0.259914
300311.XSHE,-0.608469
300313.XSHE,-1.072348
300314.XSHE,0.217191
300315.XSHE,-0.039633
300316.XSHE,1.54184
300317.XSHE,-1.063871
300318.XSHE,-0.401437
300319.XSHE,2.138753
300320.XSHE,0.147042
300321.XSHE,1.530207
300322.XSHE,1.927958
300323.XSHE,1.857408
300324.XSHE,0.938447
300326.XSHE,-0.693461
300327.XSHE,1.14029
300328.XSHE,0.821732
300329.XSHE,-0.296184
300331.XSHE,2.470451
300332.XSHE,-1.034059
300333.XSHE,0.872544
300334.XSHE,-0.083479
300335.XSHE,-0.7075
300337.XSHE,0.920262
300338.XSHE,-0.845391
300339.XSHE,0.320512
300340.XSHE,0.163615
300341.XSHE,-0.002751
300342.XSHE,0.913958
300343.XSHE,-0.333446
300345.XSHE,0.439647
300346.XSHE,1.520737
300347.XSHE,0.233935
300348.XSHE,-0.049184
300349.XSHE,0.461508
300350.XSHE,-0.265211
300351.XSHE,1.211454
300352.XSHE,0.082355
300353.XSHE,0.507499
300354.XSHE,0.680244
300355.XSHE,-0.331291
300357.XSHE,-0.333417
300358.XSHE,0.092636
300359.XSHE,-0.146175
300360.XSHE,-0.451483
300363.XSHE,0.664216
300364.XSHE,1.41677
300365.XSHE,0.26701
300366.XSHE,0.084658
300368.XSHE,0.665505
300369.XSHE,0.016802
300370.XSHE,-0.19254
300371.XSHE,-0.127663
300373.XSHE,2.038129
300374.XSHE,-0.581179
300375.XSHE,0.076019
300376.XSHE,-0.331809
300377.XSHE,0.96754
300378.XSHE,1.155476
300380.XSHE,0.267988
300381.XSHE,-0.208691
300382.XSHE,2.193069
300383.XSHE,0.584144
300384.XSHE,-0.348242
300385.XSHE,-0.643785
300386.XSHE,0.25429
300387.XSHE,-0.425143
300388.XSHE,-0.758177
300389.XSHE,0.274189
300390.XSHE,0.669552
300393.XSHE,0.947859
300394.XSHE,2.703021
300395.XSHE,2.451437
300396.XSHE,-0.661848
300397.XSHE,0.924564
300398.XSHE,2.234985
300399.XSHE,0.834817
300400.XSHE,1.849449
300401.XSHE,1.273695
300402.XSHE,0.219077
300403.XSHE,0.470695
300404.XSHE,0.063486
300405.XSHE,0.088246
300406.XSHE,-0.700068
300407.XSHE,-0.062002
300408.XSHE,2.703021
300409.XSHE,1.044062
300410.XSHE,1.480074
300411.XSHE,0.202654
300412.XSHE,-0.057378
300413.XSHE,-0.252347
300414.XSHE,0.370958
300415.XSHE,0.014244
300416.XSHE,1.023985
300417.XSHE,0.291157
300418.XSHE,1.158703
300419.XSHE,0.015306
300420.XSHE,1.806956
300421.XSHE,0.668676
300422.XSHE,-0.301627
300423.XSHE,0.242147
300424.XSHE,0.616922
300425.XSHE,-0.5424
300426.XSHE,-0.041418
300427.XSHE,0.76824
300428.XSHE,0.589949
300429.XSHE,1.046535
300430.XSHE,-0.150964
300432.XSHE,0.514124
300433.XSHE,1.587077
300434.XSHE,0.036088
300435.XSHE,0.245428
300436.XSHE,0.213359
300437.XSHE,0.12908
300438.XSHE,0.319248
300439.XSHE,-0.67362
300440.XSHE,0.356309
300441.XSHE,-0.120455
300442.XSHE,1.222686
300443.XSHE,-0.070006
300444.XSHE,0.405701
300445.XSHE,0.54154
300446.XSHE,0.106653
300447.XSHE,0.395752
300448.XSHE,0.41967
300449.XSHE,0.599255
300450.XSHE,0.911323
300451.XSHE,-0.149053
300452.XSHE,-0.813719
300453.XSHE,-0.831168
300454.XSHE,0.963075
300455.XSHE,0.736044
300456.XSHE,1.809898
300457.XSHE,0.246993
300458.XSHE,1.177165
300459.XSHE,-0.013384
300460.XSHE,0.462648
300461.XSHE,0.3102
300462.XSHE,-0.374432
300463.XSHE,-0.616389
300464.XSHE,0.598239
300465.XSHE,-0.282215
300466.XSHE,-0.093858
300467.XSHE,0.55056
300468.XSHE,0.177331
300469.XSHE,1.118261
300470.XSHE,-0.784877
300471.XSHE,-0.411419
300472.XSHE,-0.51202
300473.XSHE,0.686666
300474.XSHE,0.640068
300475.XSHE,2.703021
300476.XSHE,2.703021
300477.XSHE,-0.264232
300478.XSHE,1.031764
300479.XSHE,-0.227186
300480.XSHE,1.822663
300481.XSHE,0.99997
300482.XSHE,-0.48258
300483.XSHE,-1.048159
300484.XSHE,0.30444
300485.XSHE,-0.381707
300486.XSHE,0.241272
300487.XSHE,1.17796
300488.XSHE,1.078151
300489.XSHE,2.703021
300490.XSHE,0.995019
300491.XSHE,2.291959
300492.XSHE,0.06209
300493.XSHE,0.917384
300494.XSHE,-0.099778
300496.XSHE,0.351335
300497.XSHE,1.128366
300498.XSHE,-1.40334
300499.XSHE,2.308593
300500.XSHE,-0.414452
300501.XSHE,-0.172058
300502.XSHE,2.451635
300503.XSHE,2.292548
300504.XSHE,0.647771
300505.XSHE,0.192732
300506.XSHE,0.71006
300507.XSHE,0.50143
300508.XSHE,1.756695
300509.XSHE,-0.075272
300510.XSHE,0.051096
300511.XSHE,-0.33289
300512.XSHE,-0.289792
300513.XSHE,0.103445
300514.XSHE,-0.229207
300515.XSHE,0.315843
300516.XSHE,0.915781
300517.XSHE,0.006608
300518.XSHE,2.346563
300519.XSHE,-0.924727
300520.XSHE,1.237197
300521.XSHE,0.656612
300522.XSHE,1.62051
300523.XSHE,-0.176129
300525.XSHE,-0.026159
300527.XSHE,-0.678434
300528.XSHE,0.477197
300529.XSHE,-1.244624
300530.XSHE,0.351566
300531.XSHE,0.368818
300532.XSHE,0.030064
300533.XSHE,-0.079299
300534.XSHE,0.258868
300535.XSHE,0.05076
300536.XSHE,0.689999
300537.XSHE,1.483644
300538.XSHE,0.997269
300539.XSHE,0.991515
300540.XSHE,0.15277
300541.XSHE,0.258267
300542.XSHE,-0.095636
300543.XSHE,-0.015685
300545.XSHE,1.240841
300546.XSHE,-0.031188
300547.XSHE,1.477983
300548.XSHE,2.703021
300549.XSHE,-0.018337
300550.XSHE,-0.150436
300551.XSHE,0.771327
300552.XSHE,0.34014
300553.XSHE,1.633999
300554.XSHE,1.288557
300555.XSHE,-0.039756
300556.XSHE,-0.063945
300557.XSHE,1.228969
300558.XSHE,1.041377
300559.XSHE,-0.314801
300560.XSHE,1.950053
300561.XSHE,0.365873
300562.XSHE,0.533477
300563.XSHE,1.10495
300564.XSHE,-0.394029
300565.XSHE,0.230411
300566.XSHE,2.119196
300567.XSHE,2.396901
300568.XSHE,0.989049
300569.XSHE,-0.275687
300570.XSHE,2.703021
300571.XSHE,2.16638
300572.XSHE,1.211847
300573.XSHE,-0.088622
300575.XSHE,-0.651337
300576.XSHE,1.911249
300577.XSHE,-0.784953
300578.XSHE,0.791379
300579.XSHE,-0.16579
300580.XSHE,0.366613
300581.XSHE,0.482452
300582.XSHE,0.497107
300583.XSHE,-0.321741
300584.XSHE,0.743976
300585.XSHE,0.38046
300586.XSHE,2.086738
300587.XSHE,0.300755
300588.XSHE,-0.042952
300589.XSHE,0.135961
300590.XSHE,0.96399
300591.XSHE,0.069077
300592.XSHE,1.481176
300593.XSHE,2.703021
300594.XSHE,0.10059
300595.XSHE,-0.491812
300596.XSHE,0.698527
300597.XSHE,-0.049453
300598.XSHE,-0.447864
300599.XSHE,0.186295
300600.XSHE,0.049278
300601.XSHE,-0.285478
300602.XSHE,2.549093
300603.XSHE,0.30126
300604.XSHE,2.587406
300605.XSHE,0.051731
300606.XSHE,2.161827
300607.XSHE,1.551102
300608.XSHE,0.273746
300609.XSHE,0.753667
300610.XSHE,-0.38425
300611.XSHE,-0.277652
300612.XSHE,0.188903
300613.XSHE,1.204608
300614.XSHE,-0.002703
300615.XSHE,1.20227
300616.XSHE,0.222122
300617.XSHE,1.314068
300618.XSHE,0.891884
300619.XSHE,1.174013
300620.XSHE,2.703021
300621.XSHE,-0.291725
300622.XSHE,-0.04323
300623.XSHE,1.523498
300624.XSHE,1.0347
300625.XSHE,-0.37426
300626.XSHE,1.684151
300627.XSHE,0.05146
300628.XSHE,-0.52654
300629.XSHE,0.977883
300631.XSHE,0.289092
300632.XSHE,2.116632
300633.XSHE,-0.656444
300634.XSHE,0.754463
300635.XSHE,-0.101475
300636.XSHE,-0.800317
300637.XSHE,0.165083
300638.XSHE,0.267746
300639.XSHE,-0.5412
300640.XSHE,-0.068825
300641.XSHE,-0.457365
300642.XSHE,-0.13284
300643.XSHE,0.684976
300644.XSHE,0.143918
300645.XSHE,-0.072421
300647.XSHE,0.893629
300648.XSHE,1.057121
300649.XSHE,1.876825
300650.XSHE,1.145343
300651.XSHE,-0.352856
300652.XSHE,0.407747
300653.XSHE,-0.596185
300654.XSHE,0.153889
300655.XSHE,1.157016
300656.XSHE,2.101579
300657.XSHE,1.693984
300658.XSHE,0.639593
300659.XSHE,-0.333958
300660.XSHE,0.396365
300661.XSHE,1.656176
300662.XSHE,-0.39386
300663.XSHE,-0.153153
300664.XSHE,-0.286506
300665.XSHE,-0.183715
300666.XSHE,2.527459
300667.XSHE,0.556524
300668.XSHE,1.599281
300669.XSHE,0.465715
300670.XSHE,0.45644
300671.XSHE,2.599364
300672.XSHE,2.703021
300673.XSHE,-0.311084
300674.XSHE,0.198106
300675.XSHE,-0.628356
300676.XSHE,0.04218
300677.XSHE,-0.920536
300678.XSHE,-0.033992
300679.XSHE,2.476126
300680.XSHE,0.640634
300681.XSHE,0.77282
300682.XSHE,0.205959
300683.XSHE,0.277013
300684.XSHE,2.703021
300685.XSHE,-0.606421
300686.XSHE,1.853714
300687.XSHE,1.568483
300688.XSHE,1.003832
300689.XSHE,1.240984
300690.XSHE,0.019381
300691.XSHE,0.369623
300692.XSHE,-0.034864
300693.XSHE,1.365933
300694.XSHE,-0.146054
300695.XSHE,0.122093
300696.XSHE,0.951784
300697.XSHE,1.087855
300698.XSHE,0.466238
300699.XSHE,0.326748
300700.XSHE,1.520452
300701.XSHE,0.406545
300702.XSHE,-0.441787
300703.XSHE,-0.408315
300705.XSHE,-0.965169
300706.XSHE,2.393187
300707.XSHE,-0.081791
300708.XSHE,0.12617
300709.XSHE,1.698387
300710.XSHE,0.319155
300711.XSHE,0.306233
300712.XSHE,0.02667
300713.XSHE,0.378582
300715.XSHE,0.916069
300716.XSHE,-0.681317
300717.XSHE,0.149551
300718.XSHE,0.742676
300719.XSHE,-0.207769
300720.XSHE,2.029839
300721.XSHE,0.184932
300722.XSHE,-0.268473
300723.XSHE,0.314017
300724.XSHE,0.788075
300725.XSHE,0.654394
300726.XSHE,2.40681
300727.XSHE,1.201437
300729.XSHE,-0.761208
300730.XSHE,0.484372
300731.XSHE,2.29471
300732.XSHE,-0.4773
300733.XSHE,-0.842203
300735.XSHE,1.129603
300736.XSHE,1.402584
300737.XSHE,0.566355
300738.XSHE,0.695221
300739.XSHE,2.210208
300740.XSHE,0.707057
300741.XSHE,-0.586849
300743.XSHE,-0.168133
300745.XSHE,1.390983
300746.XSHE,-0.00978
300747.XSHE,2.005303
300748.XSHE,0.976527
300749.XSHE,0.876255
300750.XSHE,-0.300504
300751.XSHE,2.214128
300752.XSHE,1.180597
300753.XSHE,0.429787
300755.XSHE,0.01741
300756.XSHE,0.471169
300757.XSHE,2.703021
300758.XSHE,0.252827
300759.XSHE,0.314098
300760.XSHE,-1.081927
300761.XSHE,-1.022481
300762.XSHE,1.392945
300763.XSHE,0.237832
300765.XSHE,0.249372
300766.XSHE,0.637367
300767.XSHE,1.321676
300768.XSHE,0.073837
300769.XSHE,1.260292
300770.XSHE,-0.901863
300771.XSHE,0.025334
300772.XSHE,-0.195106
300773.XSHE,0.537949
300774.XSHE,1.076377
300775.XSHE,0.559549
300776.XSHE,2.250673
300777.XSHE,0.697285
300778.XSHE,-0.137006
300779.XSHE,-0.021269
300780.XSHE,1.34996
300781.XSHE,0.544105
300782.XSHE,1.491247
300783.XSHE,-0.907082
300784.XSHE,-0.450405
300785.XSHE,0.522433
300786.XSHE,1.245809
300787.XSHE,0.151659
300788.XSHE,-0.071773
300789.XSHE,0.485977
300790.XSHE,1.606496
300791.XSHE,-0.830551
300792.XSHE,0.661306
300793.XSHE,0.277429
300795.XSHE,0.861078
300796.XSHE,-0.556881
300797.XSHE,0.346008
300798.XSHE,0.265696
300800.XSHE,-0.330892
300801.XSHE,0.710553
300802.XSHE,1.472915
300803.XSHE,0.897979
300804.XSHE,-0.223135
300805.XSHE,0.052121
300806.XSHE,2.703021
300807.XSHE,0.601272
300808.XSHE,0.01224
300809.XSHE,0.294514
300810.XSHE,0.628231
300811.XSHE,2.631034
300812.XSHE,1.345081
300813.XSHE,0.045919
300814.XSHE,2.703021
300815.XSHE,-0.188916
300816.XSHE,1.364899
300817.XSHE,0.17503
300818.XSHE,0.559448
300819.XSHE,2.38968
300820.XSHE,1.3663
300821.XSHE,1.468301
300822.XSHE,0.106146
300823.XSHE,0.006699
300824.XSHE,-0.656717
300825.XSHE,0.908569
300826.XSHE,-0.643083
300827.XSHE,0.094159
300828.XSHE,0.990126
300829.XSHE,-0.201082
300830.XSHE,0.435659
300831.XSHE,0.32627
300832.XSHE,-1.622956
300833.XSHE,-0.554669
300834.XSHE,0.569601
300835.XSHE,2.666188
300836.XSHE,1.73445
300837.XSHE,0.433891
300838.XSHE,-0.128708
300839.XSHE,-0.418006
300840.XSHE,1.194707
300841.XSHE,0.213423
300842.XSHE,2.011235
300843.XSHE,2.703021
300844.XSHE,-0.006516
300845.XSHE,0.41424
300846.XSHE,1.58842
300847.XSHE,-0.365503
300848.XSHE,0.181451
300849.XSHE,0.396053
300850.XSHE,-0.270618
300851.XSHE,-0.386057
300852.XSHE,2.703021
300853.XSHE,1.544098
300854.XSHE,0.14523
300855.XSHE,0.269003
300856.XSHE,-0.78523
300857.XSHE,2.703021
300858.XSHE,-0.482621
300859.XSHE,-0.437348
300860.XSHE,-0.311289
300861.XSHE,1.32177
300862.XSHE,0.458597
300863.XSHE,1.070757
300864.XSHE,-0.535833
300865.XSHE,-0.304517
300866.XSHE,-0.302944
300867.XSHE,0.029489
300868.XSHE,2.703021
300869.XSHE,-0.412533
300870.XSHE,2.703021
300871.XSHE,-0.188822
300872.XSHE,0.84842
300873.XSHE,2.017739
300875.XSHE,-0.286313
300876.XSHE,-0.027835
300877.XSHE,0.296926
300878.XSHE,0.956384
300879.XSHE,-0.28379
300880.XSHE,-0.146984
300881.XSHE,0.628462
300882.XSHE,0.46955
300883.XSHE,-0.632152
300884.XSHE,0.42702
300885.XSHE,0.402431
300886.XSHE,-0.373417
300887.XSHE,0.278424
300888.XSHE,-0.815195
300889.XSHE,0.594564
300890.XSHE,0.48501
300891.XSHE,0.132845
300892.XSHE,-0.462349
300893.XSHE,-0.385943
300894.XSHE,0.089158
300895.XSHE,0.943834
300896.XSHE,-0.840861
300897.XSHE,-0.179808
300898.XSHE,-0.56431
300899.XSHE,-0.043682
300900.XSHE,1.669149
300901.XSHE,-0.60105
300902.XSHE,0.830464
300903.XSHE,2.703021
300904.XSHE,0.02516
300905.XSHE,0.83071
300906.XSHE,-0.429091
300907.XSHE,1.284013
300908.XSHE,-0.860924
300909.XSHE,1.400286
300910.XSHE,-0.718342
300911.XSHE,0.213045
300912.XSHE,0.890768
300913.XSHE,1.529119
300915.XSHE,-0.444798
300916.XSHE,0.496136
300917.XSHE,-0.328247
300918.XSHE,0.358162
300919.XSHE,0.538517
300920.XSHE,0.764365
300921.XSHE,1.267447
300922.XSHE,-0.00525
300923.XSHE,-0.093138
300925.XSHE,0.111246
300926.XSHE,-0.094526
300927.XSHE,-0.80381
300928.XSHE,-0.228085
300929.XSHE,0.276689
300930.XSHE,0.806498
300931.XSHE,0.396756
300932.XSHE,0.644669
300933.XSHE,0.535114
300935.XSHE,0.865418
300936.XSHE,2.703021
300937.XSHE,-0.242401
300938.XSHE,1.331094
300939.XSHE,1.321292
300940.XSHE,0.112816
300941.XSHE,-0.12303
300942.XSHE,-0.210023
300943.XSHE,2.703021
300945.XSHE,0.113486
300946.XSHE,0.140669
300947.XSHE,-0.43511
300948.XSHE,0.990479
300949.XSHE,0.064064
300950.XSHE,-0.046179
300951.XSHE,1.816637
300952.XSHE,0.416015
300953.XSHE,1.029886
300955.XSHE,-0.347079
300956.XSHE,0.376804
300957.XSHE,-0.393562
300958.XSHE,-0.414232
300959.XSHE,1.871383
300960.XSHE,-0.204895
300961.XSHE,0.261891
300962.XSHE,-0.541591
300963.XSHE,0.528024
300964.XSHE,2.505442
300965.XSHE,0.396381
300966.XSHE,-0.00766
300967.XSHE,-1.187647
300968.XSHE,0.547569
300969.XSHE,1.335668
300970.XSHE,-0.359265
300971.XSHE,0.25179
300972.XSHE,-0.914916
300973.XSHE,-0.437134
300975.XSHE,2.703021
300976.XSHE,2.392184
300977.XSHE,0.108406
300978.XSHE,-0.134417
300979.XSHE,-1.542195
300980.XSHE,1.336769
300981.XSHE,-0.317589
300982.XSHE,0.262215
300983.XSHE,0.199682
300984.XSHE,1.169589
300985.XSHE,0.829157
300986.XSHE,1.488234
300987.XSHE,-0.209553
300988.XSHE,0.477123
300989.XSHE,-0.505025
300990.XSHE,2.703021
300991.XSHE,1.425027
300992.XSHE,-0.046857
300993.XSHE,-0.490596
300994.XSHE,-0.619053
300995.XSHE,0.264064
300996.XSHE,-0.048094
300997.XSHE,-0.453665
300998.XSHE,0.403031
300999.XSHE,-1.047672
301000.XSHE,0.454584
301001.XSHE,0.045754
301002.XSHE,1.266028
301003.XSHE,0.85563
301004.XSHE,-1.319878
301005.XSHE,1.638829
301006.XSHE,-0.082823
301007.XSHE,0.491789
301008.XSHE,0.316095
301009.XSHE,-0.525434
301010.XSHE,-0.073266
301011.XSHE,-0.201296
301012.XSHE,1.466856
301013.XSHE,2.703021
301015.XSHE,-0.445004
301016.XSHE,0.752154
301017.XSHE,-0.428456
301018.XSHE,2.703021
301019.XSHE,-0.922159
301020.XSHE,0.165966
301021.XSHE,2.703021
301022.XSHE,-0.074555
301023.XSHE,0.733958
301024.XSHE,0.507359
301025.XSHE,-0.095781
301026.XSHE,1.130403
301027.XSHE,0.303707
301028.XSHE,0.930278
301029.XSHE,0.815042
301030.XSHE,-0.580707
301031.XSHE,1.29268
301032.XSHE,0.055296
301033.XSHE,-0.038628
301035.XSHE,-0.829465
301036.XSHE,-0.186079
301037.XSHE,-0.291616
301038.XSHE,-0.559082
301039.XSHE,-1.12662
301040.XSHE,0.27648
301041.XSHE,1.847784
301042.XSHE,0.357995
301043.XSHE,0.320677
301045.XSHE,2.348861
301046.XSHE,1.118645
301047.XSHE,0.459408
301048.XSHE,-0.499834
301049.XSHE,-0.040494
301050.XSHE,0.43952
301051.XSHE,1.716974
301052.XSHE,0.396157
301053.XSHE,-0.572947
301055.XSHE,1.05834
301056.XSHE,-0.094108
301057.XSHE,0.295557
301058.XSHE,-0.684076
301059.XSHE,-0.083156
301060.XSHE,0.18503
301061.XSHE,-1.118389
301062.XSHE,-0.275425
301063.XSHE,-0.268179
301065.XSHE,-0.451532
301066.XSHE,-0.033386
301067.XSHE,1.410132
301068.XSHE,-0.080583
301069.XSHE,0.626513
301070.XSHE,2.309075
301071.XSHE,2.124154
301072.XSHE,-0.182399
301073.XSHE,0.092278
301075.XSHE,0.524443
301076.XSHE,0.725547
301077.XSHE,-0.133588
301078.XSHE,-0.385659
301079.XSHE,0.614147
301080.XSHE,0.749947
301081.XSHE,0.227856
301082.XSHE,0.306713
301083.XSHE,0.031356
301085.XSHE,1.05109
301086.XSHE,2.703021
301087.XSHE,-0.369513
301088.XSHE,-0.74151
301089.XSHE,-0.465447
301090.XSHE,-0.314434
301091.XSHE,-0.139248
301092.XSHE,-0.852208
301093.XSHE,2.251516
301095.XSHE,2.016956
301096.XSHE,0.331591
301097.XSHE,0.310693
301098.XSHE,0.288185
301099.XSHE,2.703021
301100.XSHE,0.213402
301101.XSHE,-0.256721
301102.XSHE,-0.303932
301103.XSHE,-0.554154
301105.XSHE,-0.177757
301106.XSHE,-0.214926
301107.XSHE,1.071243
301108.XSHE,-0.076365
301109.XSHE,-0.894929
301110.XSHE,0.306315
301111.XSHE,0.673565
301112.XSHE,0.543079
301113.XSHE,-0.115202
301115.XSHE,2.172179
301116.XSHE,-0.783357
301117.XSHE,0.542089
301118.XSHE,0.528856
301119.XSHE,0.360695
301120.XSHE,1.015838
301121.XSHE,1.24999
301122.XSHE,0.609259
301123.XSHE,2.703021
301125.XSHE,0.816062
301126.XSHE,-0.133501
301127.XSHE,1.336233
301128.XSHE,2.131347
301129.XSHE,0.439204
301130.XSHE,-1.245744
301131.XSHE,-0.103772
301132.XSHE,2.504872
301133.XSHE,1.517826
301135.XSHE,0.064378
301136.XSHE,-0.106349
301137.XSHE,0.530031
301138.XSHE,0.064512
301139.XSHE,-0.14684
301141.XSHE,1.012209
301148.XSHE,0.542402
301149.XSHE,-0.079858
301150.XSHE,2.55865
301151.XSHE,-0.26319
301152.XSHE,0.309406
301153.XSHE,-0.071902
301155.XSHE,-0.017552
301156.XSHE,-0.40823
301157.XSHE,0.768432
301158.XSHE,-0.439798
301159.XSHE,0.433064
301160.XSHE,1.291412
301161.XSHE,1.059913
301162.XSHE,0.41698
301163.XSHE,-0.138288
301165.XSHE,1.724158
301166.XSHE,-0.161679
301167.XSHE,-0.329346
301168.XSHE,0.059683
301169.XSHE,1.792419
301170.XSHE,-0.245497
301171.XSHE,1.508785
301172.XSHE,1.354651
301173.XSHE,-0.484545
301175.XSHE,-0.557843
301176.XSHE,2.703021
301177.XSHE,0.30882
301178.XSHE,0.723505
301179.XSHE,-0.199868
301180.XSHE,0.292491
301181.XSHE,0.040203
301182.XSHE,2.316006
301183.XSHE,2.500939
301185.XSHE,-0.358526
301186.XSHE,-0.011114
301187.XSHE,-0.531834
301188.XSHE,1.820514
301189.XSHE,1.530876
301190.XSHE,-0.362073
301191.XSHE,1.976793
301192.XSHE,0.09569
301193.XSHE,0.047871
301195.XSHE,-0.396024
301196.XSHE,2.703021
301197.XSHE,0.976143
301198.XSHE,0.368393
301199.XSHE,0.326332
301200.XSHE,2.502174
301201.XSHE,-0.21855
301202.XSHE,0.805759
301203.XSHE,0.139523
301205.XSHE,2.703021
301206.XSHE,-0.650816
301207.XSHE,-0.267356
301208.XSHE,0.075609
301209.XSHE,0.767619
301210.XSHE,0.796685
301211.XSHE,-1.085325
301212.XSHE,0.327284
301213.XSHE,0.566535
301215.XSHE,-0.408073
301216.XSHE,0.079194
301217.XSHE,2.703021
301218.XSHE,0.74348
301219.XSHE,1.287135
301220.XSHE,0.014209
301221.XSHE,0.126538
301222.XSHE,0.609724
301223.XSHE,-0.383249
301225.XSHE,0.387283
301226.XSHE,0.923763
301227.XSHE,0.580622
301228.XSHE,1.827643
301229.XSHE,-0.280855
301230.XSHE,1.178412
301231.XSHE,1.151269
301232.XSHE,1.935279
301233.XSHE,0.185851
301234.XSHE,-0.473576
301235.XSHE,2.703021
301236.XSHE,0.229312
301237.XSHE,0.587867
301238.XSHE,0.82967
301239.XSHE,-0.542776
301246.XSHE,0.482366
301248.XSHE,2.506509
301251.XSHE,2.009731
301252.XSHE,1.618354
301255.XSHE,0.036796
301256.XSHE,0.395209
301257.XSHE,0.222828
301258.XSHE,-0.244929
301259.XSHE,1.485884
301260.XSHE,-0.038585
301261.XSHE,0.529029
301262.XSHE,-0.018325
301263.XSHE,0.121907
301265.XSHE,1.316502
301266.XSHE,0.00473
301267.XSHE,-0.787831
301268.XSHE,0.157707
301269.XSHE,0.936388
301270.XSHE,-0.218149
301272.XSHE,-0.075143
301273.XSHE,0.245715
301275.XSHE,-0.381458
301276.XSHE,-0.190714
301277.XSHE,-0.768337
301278.XSHE,0.273625
301279.XSHE,0.471349
301280.XSHE,1.180449
301281.XSHE,1.011931
301282.XSHE,2.523712
301283.XSHE,-0.162397
301285.XSHE,2.284566
301286.XSHE,0.954512
301287.XSHE,-0.428997
301288.XSHE,0.144652
301289.XSHE,0.03696
301290.XSHE,-0.22172
301291.XSHE,0.488009
301292.XSHE,0.79446
301293.XSHE,0.722849
301295.XSHE,0.331742
301296.XSHE,-0.563347
301297.XSHE,1.637156
301298.XSHE,-0.315521
301299.XSHE,0.315308
301300.XSHE,-0.063697
301301.XSHE,-0.649759
301302.XSHE,-0.234311
301303.XSHE,0.306194
301305.XSHE,0.323261
301306.XSHE,1.96714
301307.XSHE,2.44284
301308.XSHE,2.703021
301309.XSHE,-0.412782
301310.XSHE,1.028456
301311.XSHE,-0.340397
301312.XSHE,2.703021
301313.XSHE,1.052196
301314.XSHE,0.723703
301315.XSHE,0.493718
301316.XSHE,1.622907
301317.XSHE,1.98581
301318.XSHE,-0.155106
301319.XSHE,2.670648
301320.XSHE,0.169554
301321.XSHE,1.165726
301322.XSHE,1.412808
301323.XSHE,1.43728
301325.XSHE,0.562738
301326.XSHE,2.510949
301327.XSHE,-0.559762
301328.XSHE,2.072666
301329.XSHE,0.792433
301330.XSHE,0.264479
301331.XSHE,-0.142811
301332.XSHE,-0.589418
301333.XSHE,0.462334
301335.XSHE,-0.601853
301336.XSHE,-0.138861
301337.XSHE,0.184753
301338.XSHE,2.703021
301339.XSHE,-0.350707
301345.XSHE,0.443186
301348.XSHE,1.248413
301349.XSHE,1.24274
301353.XSHE,-0.247711
301355.XSHE,-0.220168
301356.XSHE,0.607634
301357.XSHE,0.277538
301358.XSHE,0.217752
301359.XSHE,0.175489
301360.XSHE,1.578115
301361.XSHE,0.145862
301362.XSHE,2.703021
301363.XSHE,1.313715
301365.XSHE,0.831136
301366.XSHE,2.080104
301367.XSHE,-0.439843
301368.XSHE,0.402994
301369.XSHE,2.529255
301370.XSHE,-0.593165
301371.XSHE,-0.494802
301372.XSHE,0.094131
301373.XSHE,2.703021
301376.XSHE,-0.22197
301377.XSHE,2.655484
301378.XSHE,0.404337
301379.XSHE,2.46432
301380.XSHE,0.127512
301381.XSHE,-0.19287
301382.XSHE,1.70469
301383.XSHE,0.400727
301386.XSHE,0.017027
301387.XSHE,2.391811
301388.XSHE,0.095102
301389.XSHE,2.703021
301390.XSHE,-0.301126
301391.XSHE,0.947942
301392.XSHE,2.703021
301393.XSHE,0.957631
301395.XSHE,0.394722
301396.XSHE,2.703021
301397.XSHE,0.920076
301398.XSHE,0.473882
301399.XSHE,0.477548
301408.XSHE,-0.040787
301413.XSHE,1.227644
301418.XSHE,0.857441
301419.XSHE,2.484812
301421.XSHE,1.681394
301428.XSHE,0.929819
301429.XSHE,-0.341379
301439.XSHE,-0.010269
301446.XSHE,0.850644
301448.XSHE,0.510385
301449.XSHE,-0.236409
301456.XSHE,-0.109987
301458.XSHE,2.304534
301459.XSHE,0.097781
301468.XSHE,1.692822
301469.XSHE,-0.047863
301479.XSHE,1.17505
301486.XSHE,2.703021
301487.XSHE,0.812542
301488.XSHE,0.456128
301489.XSHE,2.216254
301491.XSHE,-0.120564
301498.XSHE,-0.760672
301499.XSHE,0.902951
301500.XSHE,1.411926
301501.XSHE,-0.468511
301502.XSHE,1.235641
301503.XSHE,-0.052015
301505.XSHE,-0.143346
301507.XSHE,-0.3886
301508.XSHE,-0.378197
301509.XSHE,0.281843
301510.XSHE,1.239924
301511.XSHE,2.703021
301512.XSHE,0.345673
301513.XSHE,0.684983
301515.XSHE,-0.212947
301516.XSHE,-0.119919
301517.XSHE,1.013295
301518.XSHE,-0.046237
301519.XSHE,-0.26442
301520.XSHE,-1.678384
301522.XSHE,0.360361
301525.XSHE,0.435372
301526.XSHE,2.703021
301528.XSHE,1.487741
301529.XSHE,1.213936
301531.XSHE,2.220178
301533.XSHE,-0.193823
301535.XSHE,-0.209943
301536.XSHE,2.405891
301538.XSHE,1.080047
301539.XSHE,-0.251339
301548.XSHE,1.684953
301550.XSHE,1.215847
301551.XSHE,-0.198063
301552.XSHE,-0.098696
301555.XSHE,1.183388
301556.XSHE,0.567742
301557.XSHE,0.412903
301558.XSHE,-0.138417
301559.XSHE,-0.200629
301560.XSHE,0.317001
301563.XSHE,2.371352
301565.XSHE,0.265619
301566.XSHE,2.703021
301567.XSHE,0.516703
301568.XSHE,2.45723
301571.XSHE,0.71533
301575.XSHE,-0.476956
301577.XSHE,1.249605
301578.XSHE,-0.422171
301580.XSHE,1.81108
301581.XSHE,0.554213
301583.XSHE,0.434767
301584.XSHE,-0.36117
301585.XSHE,-0.51917
301586.XSHE,-0.062666
301587.XSHE,0.466324
301588.XSHE,2.220324
301589.XSHE,0.310391
301590.XSHE,1.223626
301591.XSHE,1.875591
301592.XSHE,0.65152
301595.XSHE,0.245654
301596.XSHE,0.767376
301598.XSHE,-0.537076
301599.XSHE,1.361967
301600.XSHE,0.250479
301601.XSHE,-0.474725
301602.XSHE,-0.54314
301603.XSHE,2.37197
301606.XSHE,0.474594
301607.XSHE,2.181104
301608.XSHE,0.684326
301609.XSHE,-0.677891
301611.XSHE,2.55954
301613.XSHE,-0.002725
301616.XSHE,-0.111939
301617.XSHE,1.115166
301618.XSHE,0.051036
301622.XSHE,0.335586
301626.XSHE,2.312137
301628.XSHE,1.932381
301629.XSHE,1.529963
301630.XSHE,2.453251
301631.XSHE,1.200143
301632.XSHE,-0.634228
301633.XSHE,-0.709846
301636.XSHE,0.18225
301638.XSHE,0.268681
301655.XSHE,0.327486
301656.XSHE,-0.160266
301658.XSHE,-0.198303
301662.XSHE,1.577148
301665.XSHE,-0.381307
301666.XSHE,2.703021
301667.XSHE,0.280281
301668.XSHE,-0.35899
301669.XSHE,1.039518
301677.XSHE,1.282288
301678.XSHE,1.09566
301680.XSHE,0.542642
301682.XSHE,1.842841
301683.XSHE,0.467215
301687.XSHE,1.509477
301696.XSHE,1.395309
301707.XSHE,0.444826
301717.XSHE,1.53201
302132.XSHE,-0.341101
600000.XSHG,-1.786176
600004.XSHG,-1.350346
600006.XSHG,-0.80716
600007.XSHG,-1.371902
600008.XSHG,-1.139147
600009.XSHG,-1.150646
600010.XSHG,-0.014731
600011.XSHG,-1.103254
600012.XSHG,-2.014139
600015.XSHG,-1.695234
600016.XSHG,-1.476854
600017.XSHG,-1.136136
600018.XSHG,-1.368709
600019.XSHG,-1.386778
600020.XSHG,-1.342811
600021.XSHG,-0.248276
600022.XSHG,-0.83714
600023.XSHG,-1.235459
600025.XSHG,-1.665818
600026.XSHG,0.050379
600027.XSHG,-1.233995
600028.XSHG,-1.874453
600029.XSHG,-0.4832
600030.XSHG,-0.489839
600031.XSHG,-0.784688
600032.XSHG,-0.84943
600033.XSHG,-1.290436
600035.XSHG,-1.095587
600036.XSHG,-1.829339
600037.XSHG,-0.550431
600038.XSHG,-0.781704
600039.XSHG,-1.473201
600048.XSHG,-0.824262
600050.XSHG,-1.077303
600051.XSHG,-0.625563
600052.XSHG,-0.305209
600053.XSHG,-0.532379
600054.XSHG,-1.063714
600055.XSHG,-0.773532
600056.XSHG,-1.210787
600057.XSHG,-1.277185
600058.XSHG,0.201433
600059.XSHG,-1.217683
600060.XSHG,-0.904495
600061.XSHG,-0.664831
600062.XSHG,-1.014026
600063.XSHG,0.464689
600064.XSHG,-1.083802
600066.XSHG,-1.489063
600067.XSHG,0.026241
600071.XSHG,-0.025341
600072.XSHG,-0.469713
600073.XSHG,-1.061855
600075.XSHG,-1.254899
600076.XSHG,0.086663
600078.XSHG,1.063337
600079.XSHG,-1.137502
600080.XSHG,-0.812012
600081.XSHG,-0.562378
600082.XSHG,-0.315111
600084.XSHG,-1.263527
600085.XSHG,-1.327698
600088.XSHG,-0.83385
600089.XSHG,0.139213
600094.XSHG,-0.28193
600095.XSHG,-0.34668
600096.XSHG,-0.236636
600097.XSHG,-0.708261
600098.XSHG,-0.95286
600099.XSHG,-0.50409
600100.XSHG,0.219635
600101.XSHG,-0.789888
600103.XSHG,1.155235
600104.XSHG,-1.122117
600105.XSHG,2.56816
600106.XSHG,-0.488629
600107.XSHG,-0.72837
600108.XSHG,-0.060471
600109.XSHG,-0.352368
600110.XSHG,1.980791
600111.XSHG,0.599658
600113.XSHG,0.135499
600114.XSHG,1.471777
600115.XSHG,-0.275074
600116.XSHG,-1.210027
600117.XSHG,-0.57901
600118.XSHG,0.555009
600119.XSHG,-0.578395
600120.XSHG,-0.549535
600121.XSHG,-1.085773
600123.XSHG,-1.198456
600125.XSHG,-1.1964
600126.XSHG,0.327421
600127.XSHG,-1.245969
600128.XSHG,-0.658348
600129.XSHG,-0.361401
600130.XSHG,0.17748
600131.XSHG,-0.197626
600132.XSHG,-1.573284
600133.XSHG,-0.618715
600135.XSHG,0.142764
600136.XSHG,-0.798298
600137.XSHG,-0.664077
600138.XSHG,-1.069229
600141.XSHG,1.167671
600143.XSHG,0.35257
600148.XSHG,-0.416961
600149.XSHG,-0.740912
600150.XSHG,-0.30217
600151.XSHG,0.478632
600152.XSHG,0.656656
600153.XSHG,-1.250683
600155.XSHG,-0.640539
600156.XSHG,0.051344
600157.XSHG,-0.583299
600158.XSHG,-0.537111
600159.XSHG,-0.330743
600160.XSHG,0.406821
600161.XSHG,-1.107588
600162.XSHG,-0.212773
600163.XSHG,-0.660538
600165.XSHG,-0.516479
600166.XSHG,-0.239962
600167.XSHG,-0.727166
600168.XSHG,-1.059831
600169.XSHG,-0.912632
600170.XSHG,-0.645258
600171.XSHG,0.647683
600172.XSHG,1.878132
600173.XSHG,-0.371269
600176.XSHG,2.629804
600177.XSHG,-1.4252
600178.XSHG,-0.626147
600179.XSHG,-0.883895
600180.XSHG,-0.555636
600182.XSHG,-0.634293
600183.XSHG,2.703021
600184.XSHG,1.559042
600185.XSHG,-0.623022
600186.XSHG,1.538839
600187.XSHG,-0.931129
600188.XSHG,-0.974171
600189.XSHG,-0.665591
600191.XSHG,-0.96454
600192.XSHG,-0.178291
600195.XSHG,-1.252912
600196.XSHG,-0.674877
600197.XSHG,-1.263254
600198.XSHG,0.319763
600199.XSHG,-1.223843
600201.XSHG,-0.324676
600202.XSHG,-0.38207
600203.XSHG,0.573379
600206.XSHG,1.705287
600207.XSHG,0.059688
600208.XSHG,0.319189
600210.XSHG,-0.768021
600211.XSHG,-0.6164
600212.XSHG,-0.224666
600215.XSHG,-0.283987
600216.XSHG,-0.78539
600217.XSHG,-0.930932
600218.XSHG,-0.375166
600219.XSHG,-0.05453
600221.XSHG,-0.718522
600222.XSHG,0.360267
600223.XSHG,-0.97128
600226.XSHG,1.572213
600227.XSHG,-0.786783
600228.XSHG,0.363771
600229.XSHG,-0.778283
600230.XSHG,0.196055
600231.XSHG,-0.499619
600232.XSHG,-0.376347
600233.XSHG,-0.916448
600234.XSHG,1.439738
600235.XSHG,-0.611107
600236.XSHG,-1.047167
600237.XSHG,1.893401
600238.XSHG,-0.903638
600239.XSHG,-0.649771
600241.XSHG,-0.38054
600243.XSHG,-0.804711
600246.XSHG,0.933933
600248.XSHG,-1.219293
600249.XSHG,-0.768398
600250.XSHG,-0.974211
600251.XSHG,-0.283354
600252.XSHG,-0.892823
600255.XSHG,0.412863
600256.XSHG,-1.263936
600257.XSHG,-0.931067
600258.XSHG,-1.132872
600259.XSHG,1.523529
600261.XSHG,-0.471326
600262.XSHG,0.166825
600265.XSHG,-0.876073
600266.XSHG,-0.295498
600267.XSHG,-0.415919
600268.XSHG,0.261643
600269.XSHG,-1.425397
600271.XSHG,-0.235563
600272.XSHG,-0.46735
600273.XSHG,-0.631444
600276.XSHG,-0.747965
600278.XSHG,-0.47894
600279.XSHG,-1.246513
600280.XSHG,-1.112357
600281.XSHG,-0.096649
600282.XSHG,-1.205821
600283.XSHG,-0.819072
600284.XSHG,-0.342804
600285.XSHG,-1.616111
600287.XSHG,-0.624162
600288.XSHG,0.267402
600289.XSHG,-0.728313
600292.XSHG,-0.342468
600293.XSHG,0.237022
600295.XSHG,-0.78712
600298.XSHG,-1.122643
600299.XSHG,-0.903246
600300.XSHG,-0.851479
600301.XSHG,1.92094
600302.XSHG,-0.685765
600303.XSHG,-0.58079
600305.XSHG,-1.314561
600307.XSHG,-0.459841
600308.XSHG,-0.8671
600309.XSHG,-0.801509
600310.XSHG,-0.948609
600312.XSHG,-0.206754
600313.XSHG,-0.92445
600315.XSHG,-0.969996
600316.XSHG,-0.491751
600318.XSHG,-0.216189
600319.XSHG,-0.363896
600320.XSHG,-0.449127
600322.XSHG,-0.410427
600323.XSHG,-1.686446
600325.XSHG,-0.66129
600326.XSHG,-0.388385
600327.XSHG,-0.824394
600328.XSHG,-0.85809
600329.XSHG,-0.977086
600330.XSHG,2.703021
600331.XSHG,0.311339
600332.XSHG,-1.192327
600333.XSHG,-1.005647
600335.XSHG,-0.917811
600336.XSHG,-0.161242
600337.XSHG,-0.799482
600338.XSHG,1.062471
600339.XSHG,-1.166654
600340.XSHG,-0.774837
600343.XSHG,0.867638
600345.XSHG,1.790164
600346.XSHG,-0.455607
600348.XSHG,-0.987121
600350.XSHG,-1.595543
600351.XSHG,-0.878744
600352.XSHG,-0.018765
600353.XSHG,2.471044
600354.XSHG,-0.769746
600356.XSHG,-0.526692
600358.XSHG,-0.478567
600359.XSHG,-0.435692
600360.XSHG,0.736058
600361.XSHG,-0.195976
600362.XSHG,1.488508
600363.XSHG,0.97532
600365.XSHG,-0.855246
600366.XSHG,1.073926
600367.XSHG,0.573101
600368.XSHG,-1.081801
600369.XSHG,-0.585316
600370.XSHG,-0.465231
600371.XSHG,-0.942304
600372.XSHG,-0.225073
600373.XSHG,-1.070365
600375.XSHG,-0.300106
600376.XSHG,0.303861
600377.XSHG,-1.5596
600378.XSHG,1.377798
600379.XSHG,1.040218
600380.XSHG,-0.888974
600381.XSHG,-0.564483
600382.XSHG,-0.545133
600383.XSHG,-0.497634
600386.XSHG,-0.69074
600388.XSHG,-0.714536
600389.XSHG,-0.952939
600390.XSHG,-0.389876
600391.XSHG,1.032504
600392.XSHG,1.635551
600395.XSHG,-0.960346
600396.XSHG,0.3416
600397.XSHG,2.204634
600398.XSHG,-1.50673
600399.XSHG,-0.059451
600400.XSHG,0.511238
600403.XSHG,-1.312052
600405.XSHG,-0.368631
600406.XSHG,-0.778784
600408.XSHG,-1.174299
600409.XSHG,-0.571183
600410.XSHG,1.302917
600415.XSHG,-0.584054
600416.XSHG,-0.024813
600418.XSHG,0.161339
600419.XSHG,-0.884147
600420.XSHG,-1.265826
600422.XSHG,-1.442241
600423.XSHG,-0.649371
600425.XSHG,-0.763011
600426.XSHG,-0.902619
600428.XSHG,-1.293698
600429.XSHG,-0.840966
600433.XSHG,-0.209593
600435.XSHG,0.16811
600436.XSHG,-1.535221
600438.XSHG,-0.164713
600439.XSHG,-0.536783
600444.XSHG,-0.552725
600446.XSHG,0.098275
600448.XSHG,-0.517356
600449.XSHG,-0.254828
600452.XSHG,-0.342275
600455.XSHG,-0.345409
600456.XSHG,0.248183
600458.XSHG,0.568014
600459.XSHG,1.483302
600460.XSHG,1.591697
600461.XSHG,-1.338422
600463.XSHG,-0.662915
600467.XSHG,-0.694211
600468.XSHG,0.208535
600469.XSHG,-0.501545
600470.XSHG,-0.561147
600475.XSHG,-0.028367
600476.XSHG,-0.254187
600477.XSHG,-0.119803
600478.XSHG,-0.183225
600479.XSHG,-0.927277
600480.XSHG,-0.207861
600481.XSHG,-0.159565
600482.XSHG,0.96871
600483.XSHG,-1.320773
600486.XSHG,-0.820632
600487.XSHG,2.432413
600488.XSHG,-0.705851
600489.XSHG,0.576496
600490.XSHG,0.74046
600491.XSHG,-0.917765
600493.XSHG,-0.491274
600495.XSHG,-0.818371
600496.XSHG,-0.82202
600497.XSHG,1.778838
600498.XSHG,2.283016
600499.XSHG,-0.182097
600500.XSHG,1.202697
600501.XSHG,0.388736
600502.XSHG,-0.97345
600503.XSHG,-0.419463
600505.XSHG,-1.262025
600506.XSHG,-0.467969
600507.XSHG,-1.104392
600508.XSHG,-1.227841
600509.XSHG,-0.01501
600510.XSHG,0.177984
600511.XSHG,-1.227066
600512.XSHG,-0.653219
600513.XSHG,-0.655291
600515.XSHG,-0.637924
600516.XSHG,-0.138046
600517.XSHG,-0.432248
600518.XSHG,-0.906253
600519.XSHG,-1.747192
600520.XSHG,1.385006
600521.XSHG,-0.462546
600522.XSHG,2.125129
600523.XSHG,-0.297639
600525.XSHG,-0.393911
600526.XSHG,-0.659848
600527.XSHG,-0.058326
600528.XSHG,-1.077319
600529.XSHG,-1.078193
600530.XSHG,-0.462921
600531.XSHG,1.645925
600533.XSHG,-0.397987
600535.XSHG,-1.170408
600536.XSHG,-0.774139
600537.XSHG,-0.309736
600538.XSHG,-0.353613
600539.XSHG,0.059303
600540.XSHG,0.146826
600543.XSHG,-0.455956
600545.XSHG,2.309883
600546.XSHG,-0.987444
600547.XSHG,0.157341
600548.XSHG,-1.456603
600549.XSHG,2.05629
600550.XSHG,0.317404
600551.XSHG,-1.016338
600552.XSHG,1.823942
600556.XSHG,0.283123
600557.XSHG,-1.069296
600558.XSHG,-0.350729
600559.XSHG,-1.313993
600560.XSHG,-0.396985
600561.XSHG,-0.526997
600562.XSHG,0.044431
600563.XSHG,1.51998
600566.XSHG,-1.415585
600567.XSHG,-0.803949
600568.XSHG,-1.123239
600569.XSHG,-0.523092
600570.XSHG,0.116817
600571.XSHG,-0.048333
600572.XSHG,-0.775519
600573.XSHG,-1.349528
600575.XSHG,-0.942523
600576.XSHG,-0.256667
600577.XSHG,1.014412
600578.XSHG,-0.014627
600579.XSHG,-0.058824
600580.XSHG,0.565545
600581.XSHG,-0.905522
600582.XSHG,-1.262563
600583.XSHG,-1.261761
600584.XSHG,2.002974
600585.XSHG,-1.196375
600586.XSHG,-0.263869
600587.XSHG,-1.095937
600588.XSHG,0.237168
600589.XSHG,1.447354
600590.XSHG,1.115807
600592.XSHG,0.176718
600593.XSHG,-0.716316
600594.XSHG,-0.819609
600595.XSHG,0.021865
600596.XSHG,1.052073
600597.XSHG,-1.388515
600598.XSHG,-1.222507
600600.XSHG,-1.519275
600601.XSHG,2.182836
600602.XSHG,0.132547
600603.XSHG,-0.35349
600604.XSHG,-0.706049
600605.XSHG,0.302022
600606.XSHG,-0.592431
600609.XSHG,-0.677585
600610.XSHG,-0.79
600611.XSHG,-0.191027
600612.XSHG,-1.413719
600613.XSHG,-0.808486
600615.XSHG,-0.000298
600616.XSHG,-0.918826
600617.XSHG,-0.819724
600618.XSHG,-0.447527
600619.XSHG,-0.43216
600620.XSHG,-0.564556
600621.XSHG,-0.276337
600622.XSHG,-0.735915
600623.XSHG,-0.706755
600624.XSHG,-0.487793
600626.XSHG,-0.520389
600628.XSHG,-0.811757
600629.XSHG,-0.468982
600630.XSHG,-0.356152
600633.XSHG,0.087545
600635.XSHG,-0.653781
600637.XSHG,-0.016061
600638.XSHG,-0.551563
600639.XSHG,-1.378581
600640.XSHG,-0.301671
600641.XSHG,1.89887
600642.XSHG,-0.940008
600643.XSHG,-0.580156
600644.XSHG,-0.636004
600645.XSHG,-0.072893
600648.XSHG,-1.184927
600649.XSHG,-0.980676
600650.XSHG,-0.495645
600651.XSHG,-0.159832
600653.XSHG,-0.668608
600654.XSHG,0.168539
600655.XSHG,-1.001766
600657.XSHG,-0.68542
600658.XSHG,-0.147161
600660.XSHG,-1.501944
600661.XSHG,-0.616488
600662.XSHG,-0.967333
600663.XSHG,-1.169187
600664.XSHG,-0.868861
600665.XSHG,-0.51374
600666.XSHG,1.50015
600667.XSHG,2.484792
600668.XSHG,-0.748834
600671.XSHG,-0.873395
600673.XSHG,1.770148
600674.XSHG,-1.68191
600675.XSHG,-1.02324
600676.XSHG,-0.191636
600678.XSHG,-0.269951
600679.XSHG,-0.938724
600681.XSHG,-1.134737
600682.XSHG,-0.52621
600683.XSHG,1.275083
600684.XSHG,-0.471699
600685.XSHG,-0.032364
600686.XSHG,-0.439297
600688.XSHG,-0.623079
600689.XSHG,-0.692886
600690.XSHG,-1.325934
600691.XSHG,-0.696185
600692.XSHG,-0.536241
600693.XSHG,-0.16363
600694.XSHG,-1.083608
600697.XSHG,-0.819303
600698.XSHG,-0.346329
600699.XSHG,0.491447
600702.XSHG,-0.779614
600703.XSHG,1.627607
600704.XSHG,-0.750512
600706.XSHG,-0.583171
600707.XSHG,1.271692
600708.XSHG,0.165365
600710.XSHG,-0.590331
600711.XSHG,1.415289
600712.XSHG,-0.442183
600713.XSHG,-0.839065
600714.XSHG,0.939401
600715.XSHG,-0.395492
600716.XSHG,-0.56024
600717.XSHG,-1.162394
600718.XSHG,-0.623977
600719.XSHG,-0.288346
600720.XSHG,-1.045042
600721.XSHG,-0.453685
600722.XSHG,-1.570552
600724.XSHG,0.00456
600725.XSHG,-0.377767
600726.XSHG,0.425875
600727.XSHG,-0.410533
600728.XSHG,-0.123631
600729.XSHG,-1.448276
600730.XSHG,-0.207557
600731.XSHG,-0.813416
600732.XSHG,0.175777
600733.XSHG,-0.476898
600734.XSHG,-0.262656
600735.XSHG,-0.696491
600736.XSHG,-0.170201
600737.XSHG,0.099127
600738.XSHG,-0.891697
600739.XSHG,-0.383351
600740.XSHG,-1.258149
600741.XSHG,-1.212738
600742.XSHG,-0.665288
600743.XSHG,-0.304224
600744.XSHG,-0.138076
600745.XSHG,-0.949283
600746.XSHG,-0.843056
600748.XSHG,-0.214807
600749.XSHG,-0.750964
600750.XSHG,-1.398598
600751.XSHG,-0.163341
600753.XSHG,-0.932968
600754.XSHG,-0.882367
600755.XSHG,-0.838313
600756.XSHG,-0.341836
600757.XSHG,-1.459093
600758.XSHG,-1.178624
600759.XSHG,-2.182779
600760.XSHG,-1.025498
600761.XSHG,-0.534153
600763.XSHG,-0.657462
600764.XSHG,-0.294809
600765.XSHG,-0.222553
600768.XSHG,0.11523
600769.XSHG,1.016623
600770.XSHG,0.858618
600771.XSHG,-1.160255
600773.XSHG,0.471589
600774.XSHG,-0.457742
600775.XSHG,0.498367
600776.XSHG,0.518033
600777.XSHG,-1.656103
600778.XSHG,-0.509196
600779.XSHG,-0.825723
600780.XSHG,-0.625078
600782.XSHG,-0.902843
600783.XSHG,-0.082154
600784.XSHG,-0.407776
600785.XSHG,-0.288053
600787.XSHG,-1.059076
600789.XSHG,-0.795886
600790.XSHG,-0.542489
600791.XSHG,0.595838
600792.XSHG,-1.065415
600793.XSHG,-0.868653
600794.XSHG,-0.759922
600795.XSHG,-1.328805
600796.XSHG,-0.745525
600797.XSHG,0.093024
600798.XSHG,-0.790815
600800.XSHG,-0.343421
600801.XSHG,-1.248932
600802.XSHG,-0.379843
600803.XSHG,-1.75885
600805.XSHG,-0.761083
600807.XSHG,-0.117208
600808.XSHG,-0.40397
600809.XSHG,-1.359528
600810.XSHG,-0.622727
600812.XSHG,-0.906128
600814.XSHG,-0.996947
600815.XSHG,-0.247161
600816.XSHG,-0.267282
600817.XSHG,-0.907517
600818.XSHG,-1.044636
600819.XSHG,0.044252
600820.XSHG,-1.179411
600821.XSHG,0.251333
600822.XSHG,-0.858654
600824.XSHG,-0.657979
600825.XSHG,-0.34739
600826.XSHG,-0.374253
600827.XSHG,-1.25564
600828.XSHG,-0.591056
600829.XSHG,-0.07102
600830.XSHG,-0.431284
600831.XSHG,-0.28543
600833.XSHG,-0.703876
600834.XSHG,-1.055494
600835.XSHG,0.081303
600838.XSHG,-0.345059
600839.XSHG,-0.276598
600841.XSHG,0.419535
600843.XSHG,-0.122064
600844.XSHG,-1.046494
600845.XSHG,-0.210772
600846.XSHG,0.136482
600847.XSHG,0.33622
600848.XSHG,-0.829162
600850.XSHG,-0.140248
600851.XSHG,0.585211
600853.XSHG,-0.792759
600854.XSHG,-0.487657
600855.XSHG,0.392224
600857.XSHG,0.14874
600858.XSHG,-0.775209
600859.XSHG,-1.008794
600860.XSHG,0.009376
600861.XSHG,-1.25072
600862.XSHG,-0.217113
600863.XSHG,-0.897447
600864.XSHG,-0.227996
600865.XSHG,-0.776506
600866.XSHG,-0.832802
600867.XSHG,-0.739232
600868.XSHG,-0.267724
600869.XSHG,2.24141
600871.XSHG,-0.960372
600872.XSHG,-1.094327
600873.XSHG,-1.12359
600874.XSHG,-1.013975
600875.XSHG,1.034966
600876.XSHG,-0.26934
600877.XSHG,1.005201
600879.XSHG,0.738372
600880.XSHG,0.025068
600881.XSHG,-1.249606
600882.XSHG,-1.12107
600883.XSHG,-0.341027
600884.XSHG,0.145773
600885.XSHG,0.292848
600886.XSHG,-1.61629
600887.XSHG,-1.544554
600888.XSHG,1.158744
600889.XSHG,-2e-05
600892.XSHG,-0.041821
600893.XSHG,0.34503
600894.XSHG,-0.966461
600895.XSHG,0.273188
600897.XSHG,-0.989202
600900.XSHG,-1.83136
600901.XSHG,-1.309154
600903.XSHG,-0.745293
600905.XSHG,-1.293204
600906.XSHG,-0.106124
600908.XSHG,-1.656755
600909.XSHG,0.466751
600916.XSHG,-0.491836
600917.XSHG,-1.252824
600918.XSHG,-0.855386
600919.XSHG,-1.684858
600925.XSHG,-1.21456
600926.XSHG,-1.643748
600927.XSHG,-0.331004
600928.XSHG,-1.491462
600929.XSHG,-0.308038
600930.XSHG,-0.781819
600933.XSHG,-0.326004
600935.XSHG,-0.816072
600936.XSHG,-0.11794
600938.XSHG,-1.852192
600939.XSHG,-0.912669
600941.XSHG,-1.657535
600955.XSHG,-0.353687
600956.XSHG,-0.819903
600958.XSHG,-0.510202
600959.XSHG,-0.455199
600960.XSHG,0.128311
600961.XSHG,1.792628
600962.XSHG,0.246979
600963.XSHG,-0.58261
600965.XSHG,-0.352206
600966.XSHG,-0.664474
600967.XSHG,-0.110414
600968.XSHG,-1.479712
600969.XSHG,-0.448857
600970.XSHG,-0.868737
600971.XSHG,-1.369702
600973.XSHG,0.247454
600975.XSHG,-1.041961
600976.XSHG,-1.512569
600977.XSHG,-0.296741
600979.XSHG,-0.853747
600980.XSHG,0.203131
600981.XSHG,-0.577302
600982.XSHG,-0.717992
600983.XSHG,-1.040932
600984.XSHG,-0.601323
600985.XSHG,-0.975553
600986.XSHG,0.454595
600987.XSHG,-0.952211
600988.XSHG,0.757424
600989.XSHG,-1.417245
600990.XSHG,-0.022039
600992.XSHG,-1.051493
600993.XSHG,-1.311416
600995.XSHG,-0.528302
600996.XSHG,-0.505358
600997.XSHG,-1.344509
600998.XSHG,-1.160941
600999.XSHG,-0.25991
601000.XSHG,-1.489535
601001.XSHG,-1.094271
601002.XSHG,-0.505869
601003.XSHG,-0.898568
601005.XSHG,-0.831659
601006.XSHG,-1.504501
601007.XSHG,-0.907624
601008.XSHG,-1.248192
601009.XSHG,-1.806902
601010.XSHG,-0.890643
601011.XSHG,-1.069433
601012.XSHG,-0.369343
601015.XSHG,-1.403371
601016.XSHG,-0.544141
601018.XSHG,-1.430787
601019.XSHG,-1.369284
601020.XSHG,0.996088
601021.XSHG,-0.856393
601022.XSHG,-0.964629
601026.XSHG,-0.444672
601033.XSHG,-1.237025
601038.XSHG,-0.638926
601058.XSHG,-1.017553
601059.XSHG,-0.671074
601061.XSHG,0.698413
601065.XSHG,-1.038753
601066.XSHG,-0.426582
601068.XSHG,-0.09969
601069.XSHG,0.229711
601077.XSHG,-1.843492
601083.XSHG,-1.114002
601086.XSHG,-0.719668
601088.XSHG,-2.138248
601089.XSHG,-0.614361
601096.XSHG,-0.339109
601098.XSHG,-1.262061
601099.XSHG,-0.333931
601100.XSHG,-0.167071
601101.XSHG,-0.532459
601106.XSHG,0.19982
601107.XSHG,-1.625889
601108.XSHG,0.009459
601111.XSHG,-0.519519
601112.XSHG,0.040992
601113.XSHG,-0.516616
601116.XSHG,-0.17537
601117.XSHG,-0.496702
601118.XSHG,-0.018026
601121.XSHG,-0.303479
601126.XSHG,1.958317
601127.XSHG,-0.546971
601128.XSHG,-1.5926
601133.XSHG,1.074278
601136.XSHG,-0.507438
601137.XSHG,0.628401
601138.XSHG,1.905832
601139.XSHG,-1.436176
601155.XSHG,-0.661189
601156.XSHG,-0.573888
601158.XSHG,-1.35586
601162.XSHG,-0.379511
601163.XSHG,-0.916685
601166.XSHG,-1.785093
601168.XSHG,1.148199
601169.XSHG,-1.547546
601177.XSHG,-0.128636
601179.XSHG,0.726612
601186.XSHG,-1.199553
601187.XSHG,-1.85513
601188.XSHG,-0.913417
601198.XSHG,-0.447752
601199.XSHG,-0.581604
601200.XSHG,-1.113856
601208.XSHG,2.703021
601211.XSHG,-1.093376
601212.XSHG,1.054067
601216.XSHG,-0.810218
601218.XSHG,-0.185209
601222.XSHG,-0.814126
601225.XSHG,-1.944361
601226.XSHG,0.173182
601228.XSHG,-1.115347
601229.XSHG,-1.8695
601231.XSHG,2.354646
601233.XSHG,0.230763
601236.XSHG,-0.704998
601238.XSHG,-0.778911
601279.XSHG,-0.641038
601288.XSHG,-2.155143
601298.XSHG,-1.565484
601311.XSHG,-0.397866
601318.XSHG,-1.163851
601319.XSHG,-0.866945
601326.XSHG,-1.393635
601328.XSHG,-1.990026
601330.XSHG,-1.059515
601333.XSHG,-1.295257
601336.XSHG,-0.340219
601339.XSHG,-1.105113
601360.XSHG,0.16182
601366.XSHG,-0.768924
601368.XSHG,-0.944015
601369.XSHG,-1.384733
601375.XSHG,-0.523005
601377.XSHG,-0.581605
601388.XSHG,-0.01724
601390.XSHG,-0.932217
601398.XSHG,-2.131581
601399.XSHG,0.009612
601456.XSHG,-0.852617
601500.XSHG,-0.794317
601512.XSHG,-0.617789
601515.XSHG,0.194914
601518.XSHG,-1.127021
601519.XSHG,0.379539
601528.XSHG,-1.534593
601555.XSHG,-0.547679
601566.XSHG,-0.839553
601567.XSHG,-0.408705
601568.XSHG,-1.126599
601577.XSHG,-1.632915
601579.XSHG,-0.969056
601588.XSHG,-0.680407
601595.XSHG,-0.586556
601598.XSHG,-1.133809
601599.XSHG,-0.622586
601600.XSHG,0.0879
601601.XSHG,-0.931692
601606.XSHG,-0.229746
601607.XSHG,-1.343188
601608.XSHG,-0.122868
601609.XSHG,0.626112
601611.XSHG,0.289801
601615.XSHG,0.339672
601616.XSHG,-0.360211
601618.XSHG,-0.884643
601619.XSHG,-0.161963
601628.XSHG,-0.793783
601633.XSHG,-1.331703
601636.XSHG,0.737858
601658.XSHG,-1.821341
601665.XSHG,-1.52419
601666.XSHG,-0.889647
601668.XSHG,-1.529277
601669.XSHG,-0.731875
601677.XSHG,-0.159213
601678.XSHG,0.120013
601686.XSHG,-0.954657
601688.XSHG,-0.374723
601689.XSHG,0.559489
601696.XSHG,0.322687
601698.XSHG,0.253356
601699.XSHG,-0.88953
601700.XSHG,0.241832
601702.XSHG,-0.619233
601717.XSHG,-0.70842
601718.XSHG,-0.774484
601727.XSHG,-0.027426
601728.XSHG,-1.866637
601766.XSHG,-1.240098
601777.XSHG,-0.325054
601778.XSHG,0.671029
601788.XSHG,-0.568994
601789.XSHG,0.090538
601798.XSHG,-0.139394
601799.XSHG,-0.517064
601800.XSHG,-1.18187
601801.XSHG,-1.281784
601808.XSHG,-1.465946
601811.XSHG,-1.393598
601816.XSHG,-1.597546
601818.XSHG,-1.5901
601825.XSHG,-1.754668
601827.XSHG,-1.130469
601828.XSHG,-0.663822
601838.XSHG,-1.749308
601857.XSHG,-2.389794
601858.XSHG,0.351471
601860.XSHG,-1.49446
601865.XSHG,-0.056688
601866.XSHG,-1.01222
601868.XSHG,-0.461345
601869.XSHG,2.00531
601872.XSHG,0.120595
601877.XSHG,-0.168478
601878.XSHG,-0.666506
601880.XSHG,-0.909346
601881.XSHG,-0.442822
601882.XSHG,0.021448
601886.XSHG,-0.498307
601888.XSHG,-0.869452
601890.XSHG,-0.235228
601898.XSHG,-1.666877
601899.XSHG,0.361343
601900.XSHG,-1.0008
601901.XSHG,-0.576549
601908.XSHG,-0.416866
601916.XSHG,-1.506116
601918.XSHG,-1.146549
601919.XSHG,-1.441754
601921.XSHG,-1.12508
601928.XSHG,-1.502977
601929.XSHG,0.248954
601933.XSHG,-0.547304
601939.XSHG,-2.071444
601949.XSHG,-0.959872
601952.XSHG,-1.192192
601956.XSHG,-0.447755
601958.XSHG,1.227908
601963.XSHG,-1.925452
601965.XSHG,-0.852108
601966.XSHG,-1.167093
601968.XSHG,-0.783239
601969.XSHG,-0.461849
601975.XSHG,-0.486238
601985.XSHG,-1.256711
601988.XSHG,-2.055792
601990.XSHG,-0.764138
601991.XSHG,0.239103
601992.XSHG,-0.578853
601995.XSHG,-0.408906
601996.XSHG,-0.082709
601997.XSHG,-1.451948
601998.XSHG,-1.971653
601999.XSHG,-0.344264
603000.XSHG,-0.1725
603001.XSHG,0.902983
603002.XSHG,2.347822
603004.XSHG,0.181857
603005.XSHG,1.770175
603006.XSHG,-0.026169
603007.XSHG,0.480704
603008.XSHG,-0.967397
603009.XSHG,0.378815
603010.XSHG,0.515189
603011.XSHG,1.687791
603012.XSHG,0.258798
603013.XSHG,-0.265354
603014.XSHG,-0.626547
603015.XSHG,0.063821
603016.XSHG,-0.44524
603017.XSHG,0.135572
603018.XSHG,-0.785794
603019.XSHG,0.88781
603020.XSHG,0.676264
603021.XSHG,-1.179504
603022.XSHG,-0.452448
603023.XSHG,0.134707
603025.XSHG,0.211786
603026.XSHG,0.112291
603027.XSHG,-1.201523
603028.XSHG,0.051831
603029.XSHG,-0.555877
603030.XSHG,0.238769
603031.XSHG,1.351341
603032.XSHG,0.989106
603033.XSHG,-0.344116
603035.XSHG,-0.760802
603036.XSHG,-0.364259
603037.XSHG,-0.306225
603038.XSHG,-0.224109
603039.XSHG,0.009238
603040.XSHG,0.930015
603041.XSHG,-0.390909
603042.XSHG,1.151728
603043.XSHG,-1.358877
603045.XSHG,1.538552
603048.XSHG,-0.320354
603049.XSHG,-0.889223
603050.XSHG,-0.023822
603051.XSHG,0.522384
603052.XSHG,1.924431
603053.XSHG,-1.325461
603055.XSHG,-1.099728
603057.XSHG,-0.526413
603058.XSHG,0.622352
603059.XSHG,-0.504883
603060.XSHG,-1.027835
603061.XSHG,2.547774
603062.XSHG,-0.350684
603063.XSHG,1.89093
603065.XSHG,-0.316662
603066.XSHG,-0.444752
603067.XSHG,2.703021
603068.XSHG,0.627424
603069.XSHG,-0.522915
603070.XSHG,-0.209107
603071.XSHG,-0.930485
603072.XSHG,0.252881
603073.XSHG,-0.541269
603075.XSHG,-0.536181
603076.XSHG,-0.353178
603077.XSHG,0.181852
603078.XSHG,1.036237
603079.XSHG,0.003436
603080.XSHG,-0.714601
603081.XSHG,-0.488522
603082.XSHG,0.343459
603083.XSHG,2.652726
603085.XSHG,0.134565
603086.XSHG,-0.650659
603087.XSHG,-0.20993
603088.XSHG,0.776462
603089.XSHG,-0.224131
603090.XSHG,1.199376
603091.XSHG,-0.662922
603092.XSHG,-0.322587
603093.XSHG,0.287064
603095.XSHG,0.401286
603096.XSHG,-0.838391
603097.XSHG,0.485776
603098.XSHG,-0.20215
603099.XSHG,-0.738913
603100.XSHG,-0.552228
603101.XSHG,-0.948348
603102.XSHG,-0.741195
603103.XSHG,-0.458558
603105.XSHG,-0.706226
603106.XSHG,-0.022019
603107.XSHG,-0.734474
603108.XSHG,0.05239
603109.XSHG,-0.280017
603110.XSHG,0.800441
603111.XSHG,-0.760995
603112.XSHG,0.249581
603113.XSHG,-1.125906
603115.XSHG,2.670883
603116.XSHG,-0.631406
603117.XSHG,-0.625185
603118.XSHG,0.335896
603119.XSHG,0.742282
603120.XSHG,-0.355289
603121.XSHG,-0.031952
603122.XSHG,-0.283302
603123.XSHG,-0.213044
603124.XSHG,2.523821
603125.XSHG,0.980738
603126.XSHG,-0.246723
603127.XSHG,1.097491
603128.XSHG,-1.148659
603129.XSHG,-1.221933
603130.XSHG,0.045811
603131.XSHG,0.491528
603132.XSHG,0.319732
603135.XSHG,0.017828
603136.XSHG,-0.928021
603137.XSHG,-0.352075
603138.XSHG,0.639666
603139.XSHG,0.547634
603150.XSHG,0.938455
603151.XSHG,-1.127156
603153.XSHG,-0.946362
603155.XSHG,0.759667
603156.XSHG,0.733435
603158.XSHG,1.111266
603159.XSHG,-0.328769
603160.XSHG,0.480526
603161.XSHG,-0.332498
603162.XSHG,-0.597801
603163.XSHG,1.502165
603165.XSHG,-0.379937
603166.XSHG,0.54744
603167.XSHG,-1.281608
603168.XSHG,-0.415911
603169.XSHG,-0.191009
603170.XSHG,-1.118546
603171.XSHG,0.079047
603172.XSHG,-0.161826
603173.XSHG,-0.296363
603175.XSHG,1.480539
603176.XSHG,-0.376273
603177.XSHG,-0.330135
603178.XSHG,-0.33287
603179.XSHG,0.558223
603180.XSHG,-0.891798
603181.XSHG,-0.181246
603182.XSHG,-1.006365
603183.XSHG,-0.246391
603185.XSHG,0.122112
603186.XSHG,2.52116
603187.XSHG,-0.834457
603188.XSHG,-0.397756
603189.XSHG,-0.088825
603190.XSHG,-0.358197
603191.XSHG,0.323854
603192.XSHG,-0.056903
603193.XSHG,-0.962421
603194.XSHG,-0.935863
603195.XSHG,-1.216786
603196.XSHG,0.916147
603197.XSHG,-0.310819
603198.XSHG,-1.36261
603199.XSHG,-1.055424
603200.XSHG,0.664522
603201.XSHG,-0.523167
603202.XSHG,-1.140711
603203.XSHG,1.560438
603205.XSHG,-0.740162
603206.XSHG,-0.079795
603207.XSHG,-1.129743
603208.XSHG,-0.780722
603209.XSHG,-1.02438
603210.XSHG,-0.841079
603211.XSHG,0.813915
603212.XSHG,0.009794
603213.XSHG,-1.068656
603214.XSHG,-0.752337
603215.XSHG,-0.670856
603216.XSHG,-0.286171
603217.XSHG,0.139453
603218.XSHG,-0.490099
603219.XSHG,0.37231
603220.XSHG,0.808733
603221.XSHG,-0.296103
603222.XSHG,-0.019454
603223.XSHG,0.034343
603225.XSHG,-0.189532
603226.XSHG,0.656399
603227.XSHG,-0.954194
603228.XSHG,1.683304
603229.XSHG,-0.708763
603230.XSHG,-0.941217
603231.XSHG,-0.804576
603232.XSHG,0.328079
603233.XSHG,-1.076762
603235.XSHG,-1.054533
603236.XSHG,0.126638
603237.XSHG,-0.970686
603238.XSHG,-0.712413
603239.XSHG,-0.3104
603248.XSHG,-0.081155
603255.XSHG,-0.013596
603256.XSHG,2.703021
603257.XSHG,0.340309
603258.XSHG,-0.255088
603259.XSHG,0.216959
603260.XSHG,0.673429
603261.XSHG,-0.573395
603262.XSHG,-0.22176
603266.XSHG,0.018917
603267.XSHG,1.582597
603268.XSHG,0.000559
603269.XSHG,1.422736
603270.XSHG,0.200963
603271.XSHG,0.086539
603272.XSHG,-0.166413
603273.XSHG,-0.619581
603275.XSHG,0.143962
603276.XSHG,-0.700382
603277.XSHG,-1.261006
603278.XSHG,0.378886
603279.XSHG,-0.772172
603280.XSHG,-0.481447
603281.XSHG,0.175314
603282.XSHG,-0.41147
603283.XSHG,1.996788
603284.XSHG,-0.438691
603285.XSHG,1.272132
603286.XSHG,0.948695
603288.XSHG,-1.547154
603289.XSHG,-0.143925
603290.XSHG,1.010259
603291.XSHG,-0.503408
603293.XSHG,-0.066435
603296.XSHG,0.924559
603297.XSHG,0.692925
603298.XSHG,-0.669022
603299.XSHG,-0.931669
603300.XSHG,-0.377354
603301.XSHG,-0.544908
603303.XSHG,0.341904
603305.XSHG,0.29453
603306.XSHG,2.141564
603307.XSHG,-0.518
603308.XSHG,1.852121
603309.XSHG,-0.522039
603310.XSHG,-0.842024
603311.XSHG,1.087604
603312.XSHG,0.0215
603313.XSHG,-0.797857
603315.XSHG,0.692172
603316.XSHG,1.67513
603317.XSHG,-1.067241
603318.XSHG,-1.038759
603319.XSHG,0.820253
603320.XSHG,0.004949
603321.XSHG,-0.49334
603322.XSHG,0.837553
603323.XSHG,-1.498912
603324.XSHG,1.038152
603325.XSHG,-0.664038
603326.XSHG,-0.581009
603327.XSHG,-0.470174
603328.XSHG,1.500564
603329.XSHG,-0.535278
603330.XSHG,0.47578
603331.XSHG,-0.321377
603332.XSHG,-0.583006
603333.XSHG,-0.624493
603334.XSHG,-0.616534
603335.XSHG,0.751901
603336.XSHG,-0.198842
603337.XSHG,0.080645
603338.XSHG,-0.747325
603339.XSHG,-0.034246
603341.XSHG,0.326187
603344.XSHG,0.073044
603345.XSHG,-1.159719
603348.XSHG,-0.919519
603350.XSHG,-0.612412
603351.XSHG,-0.438947
603352.XSHG,-0.465476
603353.XSHG,0.88593
603355.XSHG,-0.276821
603356.XSHG,-0.048778
603357.XSHG,-0.845781
603358.XSHG,0.548446
603359.XSHG,-0.402222
603360.XSHG,0.593561
603363.XSHG,-0.59162
603365.XSHG,-1.396356
603366.XSHG,-1.081432
603367.XSHG,-0.295193
603368.XSHG,-1.06497
603369.XSHG,-0.855058
603370.XSHG,-0.454835
603373.XSHG,-0.177544
603375.XSHG,0.824614
603376.XSHG,-0.435191
603377.XSHG,-1.406953
603378.XSHG,-0.978485
603379.XSHG,0.19907
603380.XSHG,1.028587
603381.XSHG,0.061585
603382.XSHG,-0.97155
603383.XSHG,-0.196703
603385.XSHG,-0.594558
603386.XSHG,1.047158
603387.XSHG,-0.550897
603389.XSHG,-0.059736
603390.XSHG,-0.316434
603391.XSHG,-0.123413
603392.XSHG,-0.65562
603393.XSHG,-1.604911
603395.XSHG,-1.340488
603396.XSHG,0.108648
603398.XSHG,-0.640095
603399.XSHG,1.226964
603400.XSHG,0.011744
603402.XSHG,-0.883529
603406.XSHG,-0.739162
603407.XSHG,1.636831
603408.XSHG,-0.929147
603409.XSHG,-0.575059
603416.XSHG,0.294789
603418.XSHG,-0.462305
603421.XSHG,0.029958
603429.XSHG,-0.874268
603435.XSHG,1.532656
603439.XSHG,-0.590983
603444.XSHG,-0.501098
603456.XSHG,-0.321249
603458.XSHG,0.81711
603459.XSHG,2.669229
603466.XSHG,0.136532
603468.XSHG,-0.178232
603477.XSHG,-0.603357
603486.XSHG,-0.520514
603488.XSHG,0.437604
603489.XSHG,0.054971
603496.XSHG,0.422911
603499.XSHG,0.991632
603500.XSHG,0.264909
603501.XSHG,0.214644
603505.XSHG,-0.117196
603506.XSHG,-0.932529
603507.XSHG,0.142957
603508.XSHG,-0.907598
603511.XSHG,-0.72896
603515.XSHG,-1.144468
603516.XSHG,1.535974
603517.XSHG,-0.860997
603518.XSHG,-0.950415
603519.XSHG,-0.799584
603520.XSHG,-0.152174
603527.XSHG,1.145354
603528.XSHG,-0.069503
603529.XSHG,-1.433102
603530.XSHG,0.293719
603533.XSHG,0.480568
603535.XSHG,-0.682986
603536.XSHG,-0.726056
603538.XSHG,-0.292142
603551.XSHG,-1.092992
603556.XSHG,-1.227004
603557.XSHG,-0.529175
603558.XSHG,-1.079797
603559.XSHG,-0.520603
603565.XSHG,-1.238989
603566.XSHG,-0.837518
603567.XSHG,-0.231761
603568.XSHG,-0.981508
603569.XSHG,-0.863061
603577.XSHG,0.072589
603578.XSHG,-0.020084
603579.XSHG,-0.19503
603580.XSHG,-1.287699
603583.XSHG,-0.217823
603585.XSHG,-0.494322
603586.XSHG,-0.728539
603587.XSHG,-1.02114
603588.XSHG,1.453802
603589.XSHG,-1.11917
603590.XSHG,-0.345378
603595.XSHG,0.83885
603596.XSHG,-0.234667
603598.XSHG,0.160388
603599.XSHG,-1.041706
603600.XSHG,-0.724755
603601.XSHG,1.484843
603602.XSHG,-0.086581
603605.XSHG,-0.825811
603606.XSHG,-0.711954
603607.XSHG,0.529018
603608.XSHG,0.204693
603609.XSHG,-0.978291
603610.XSHG,0.250941
603611.XSHG,-0.499591
603612.XSHG,0.526616
603613.XSHG,-0.064186
603615.XSHG,0.129431
603616.XSHG,-0.685108
603617.XSHG,0.03153
603618.XSHG,2.16072
603619.XSHG,-1.558677
603626.XSHG,1.207811
603628.XSHG,-0.466764
603629.XSHG,2.341427
603630.XSHG,-0.661557
603633.XSHG,0.602686
603636.XSHG,0.29179
603637.XSHG,0.448908
603638.XSHG,-0.071855
603639.XSHG,-1.010209
603648.XSHG,-0.482904
603650.XSHG,0.920027
603655.XSHG,0.505175
603656.XSHG,-0.313188
603657.XSHG,0.719268
603658.XSHG,-1.139279
603659.XSHG,0.236359
603660.XSHG,1.059871
603661.XSHG,0.238394
603662.XSHG,0.870577
603663.XSHG,1.907229
603665.XSHG,-0.591593
603666.XSHG,0.894964
603667.XSHG,0.841902
603668.XSHG,-0.512435
603669.XSHG,-0.269601
603676.XSHG,-0.905205
603677.XSHG,-1.136197
603678.XSHG,2.329197
603679.XSHG,0.386458
603680.XSHG,-0.363914
603681.XSHG,0.424705
603682.XSHG,-0.599335
603683.XSHG,0.136215
603685.XSHG,0.276279
603686.XSHG,-0.114237
603687.XSHG,0.548314
603688.XSHG,2.049061
603689.XSHG,-1.272817
603690.XSHG,0.714958
603693.XSHG,-0.767597
603696.XSHG,-0.170372
603697.XSHG,-1.040449
603698.XSHG,0.830771
603699.XSHG,0.079991
603700.XSHG,-0.143067
603701.XSHG,0.094325
603703.XSHG,0.960642
603706.XSHG,-1.09315
603707.XSHG,-0.913074
603708.XSHG,-0.901932
603709.XSHG,-0.169512
603711.XSHG,-0.843267
603712.XSHG,0.106482
603713.XSHG,0.471372
603716.XSHG,-0.258185
603717.XSHG,-0.256653
603718.XSHG,-0.699211
603719.XSHG,-0.626919
603721.XSHG,0.222793
603722.XSHG,0.032773
603725.XSHG,-0.1294
603726.XSHG,1.050088
603727.XSHG,-0.333945
603728.XSHG,0.798846
603729.XSHG,-0.220927
603730.XSHG,-0.019916
603733.XSHG,-0.010289
603737.XSHG,-0.670291
603738.XSHG,2.453471
603739.XSHG,-0.229883
603755.XSHG,-0.470904
603757.XSHG,1.688174
603758.XSHG,0.041651
603759.XSHG,-0.721546
603766.XSHG,-1.303293
603767.XSHG,-0.316271
603768.XSHG,-0.666442
603773.XSHG,2.103194
603776.XSHG,-0.000667
603777.XSHG,0.567731
603778.XSHG,-0.098937
603779.XSHG,-0.156625
603786.XSHG,-0.179027
603787.XSHG,-0.945881
603788.XSHG,-0.732151
603789.XSHG,-0.326453
603790.XSHG,0.29511
603797.XSHG,-0.643025
603798.XSHG,-0.000884
603799.XSHG,1.230901
603800.XSHG,1.188097
603801.XSHG,-1.260122
603803.XSHG,0.674709
603806.XSHG,0.825632
603808.XSHG,-0.811045
603809.XSHG,-0.445276
603810.XSHG,-0.433341
603811.XSHG,-0.452757
603813.XSHG,-0.848926
603815.XSHG,-0.648871
603816.XSHG,-1.322437
603817.XSHG,-0.848563
603818.XSHG,-0.394808
603819.XSHG,0.095937
603822.XSHG,-0.299584
603823.XSHG,-0.35415
603825.XSHG,-0.409736
603826.XSHG,0.23972
603828.XSHG,-1.013825
603829.XSHG,0.13611
603833.XSHG,-1.308793
603836.XSHG,-1.010356
603838.XSHG,-0.498149
603839.XSHG,-0.830565
603843.XSHG,-1.608965
603848.XSHG,-1.005752
603855.XSHG,-0.704298
603856.XSHG,-0.668354
603858.XSHG,-0.68691
603859.XSHG,0.989881
603860.XSHG,-0.490821
603861.XSHG,-0.293874
603863.XSHG,-0.585149
603866.XSHG,-1.290812
603867.XSHG,0.591986
603868.XSHG,-0.791293
603869.XSHG,-0.760673
603871.XSHG,-1.132954
603876.XSHG,-0.012481
603877.XSHG,-1.257506
603878.XSHG,-0.074796
603879.XSHG,-0.181676
603880.XSHG,0.571002
603881.XSHG,0.503964
603882.XSHG,-0.189306
603883.XSHG,-1.153528
603885.XSHG,-0.643299
603886.XSHG,-0.669108
603887.XSHG,0.252307
603888.XSHG,-0.277679
603889.XSHG,-0.661397
603890.XSHG,1.4983
603893.XSHG,0.574851
603895.XSHG,-0.038475
603896.XSHG,-1.117224
603897.XSHG,0.446162
603898.XSHG,-0.438783
603899.XSHG,-1.232314
603900.XSHG,-0.144935
603901.XSHG,0.334227
603903.XSHG,-0.218494
603906.XSHG,0.304776
603908.XSHG,-0.550821
603909.XSHG,-0.374243
603912.XSHG,0.793638
603915.XSHG,0.330063
603916.XSHG,0.425223
603917.XSHG,-0.573449
603918.XSHG,-0.238677
603919.XSHG,-1.046345
603920.XSHG,1.947754
603922.XSHG,0.107948
603926.XSHG,-0.037477
603927.XSHG,-0.475802
603928.XSHG,0.263077
603929.XSHG,1.339181
603931.XSHG,1.113501
603933.XSHG,0.600722
603936.XSHG,2.4958
603937.XSHG,0.278086
603938.XSHG,1.227435
603939.XSHG,-1.251015
603948.XSHG,0.144057
603949.XSHG,0.218414
603950.XSHG,2.031624
603955.XSHG,-0.469163
603956.XSHG,-0.245655
603958.XSHG,0.762697
603959.XSHG,-0.210676
603960.XSHG,0.389784
603966.XSHG,-0.210683
603967.XSHG,-1.007589
603968.XSHG,-0.630538
603969.XSHG,0.29382
603970.XSHG,-0.982881
603976.XSHG,0.252309
603977.XSHG,0.347949
603978.XSHG,0.838845
603979.XSHG,0.859048
603980.XSHG,-0.017849
603982.XSHG,-0.324384
603983.XSHG,-0.481955
603985.XSHG,1.301909
603986.XSHG,2.656879
603987.XSHG,-0.730124
603988.XSHG,0.371593
603989.XSHG,2.333894
603990.XSHG,0.479333
603991.XSHG,1.154432
603992.XSHG,-0.067548
603993.XSHG,1.025778
603995.XSHG,0.274273
603997.XSHG,-0.63977
603998.XSHG,-1.000215
603999.XSHG,-0.445239
605001.XSHG,-0.551462
605003.XSHG,-0.145675
605005.XSHG,-0.661999
605006.XSHG,2.12812
605007.XSHG,-0.631719
605008.XSHG,-0.853314
605009.XSHG,-1.189486
605011.XSHG,-1.243561
605016.XSHG,-0.16274
605018.XSHG,0.252289
605020.XSHG,0.46348
605028.XSHG,-0.509798
605033.XSHG,-0.975806
605050.XSHG,-0.539018
605055.XSHG,-0.506514
605056.XSHG,0.356529
605058.XSHG,1.422631
605060.XSHG,2.415655
605066.XSHG,-0.165778
605068.XSHG,0.196383
605069.XSHG,0.813247
605077.XSHG,-0.579922
605080.XSHG,-0.503816
605086.XSHG,-0.061453
605088.XSHG,0.1321
605089.XSHG,-1.10904
605090.XSHG,-0.608613
605098.XSHG,-0.820776
605099.XSHG,-0.944899
605100.XSHG,0.90488
605108.XSHG,-0.909353
605111.XSHG,2.000436
605116.XSHG,-0.889876
605117.XSHG,0.05544
605118.XSHG,0.281989
605122.XSHG,-0.784498
605123.XSHG,0.378353
605128.XSHG,-0.132131
605133.XSHG,1.392013
605136.XSHG,-0.312305
605138.XSHG,-0.549953
605151.XSHG,-0.403884
605155.XSHG,-0.196635
605158.XSHG,-0.157208
605162.XSHG,-0.211342
605166.XSHG,0.048286
605167.XSHG,-0.09129
605168.XSHG,1.114215
605169.XSHG,-1.265942
605177.XSHG,-0.288071
605178.XSHG,0.546805
605179.XSHG,-0.82821
605180.XSHG,-0.21305
605183.XSHG,-0.510723
605186.XSHG,0.180281
605188.XSHG,-0.448375
605189.XSHG,0.06825
605196.XSHG,0.400236
605198.XSHG,0.448352
605199.XSHG,-1.046135
605208.XSHG,0.618025
605218.XSHG,0.493853
605222.XSHG,0.601673
605228.XSHG,0.223215
605255.XSHG,0.361758
605258.XSHG,1.254005
605259.XSHG,-0.571559
605266.XSHG,-1.126343
605268.XSHG,-0.694525
605277.XSHG,0.483887
605286.XSHG,-0.252649
605287.XSHG,1.047201
605288.XSHG,0.707212
605289.XSHG,2.078248
605296.XSHG,-1.381529
605298.XSHG,0.181585
605299.XSHG,-0.304598
605300.XSHG,-0.969774
605303.XSHG,0.809051
605305.XSHG,0.195238
605318.XSHG,1.137578
605319.XSHG,0.149202
605333.XSHG,-0.522678
605336.XSHG,-0.529497
605337.XSHG,-0.931713
605338.XSHG,-1.003615
605339.XSHG,-0.456413
605358.XSHG,1.840403
605365.XSHG,-0.037221
605366.XSHG,0.797966
605368.XSHG,-1.447176
605369.XSHG,-0.505819
605376.XSHG,2.650679
605377.XSHG,-0.819779
605378.XSHG,-0.057428
605388.XSHG,-0.403088
605389.XSHG,0.846598
605398.XSHG,-0.091564
605399.XSHG,-0.018462
605488.XSHG,0.521385
605499.XSHG,-0.965683
605500.XSHG,-0.376448
605507.XSHG,-1.096937
605555.XSHG,-0.086937
605566.XSHG,0.328665
605567.XSHG,-0.602138
605577.XSHG,-0.61574
605580.XSHG,0.594902
605588.XSHG,1.387263
605589.XSHG,2.181822
605598.XSHG,0.705209
605599.XSHG,-1.087948
688001.XSHG,2.637843
688002.XSHG,1.794054
688003.XSHG,2.342889
688004.XSHG,0.192905
688005.XSHG,0.464131
688006.XSHG,1.299038
688007.XSHG,0.604414
688008.XSHG,2.703021
688009.XSHG,-1.09767
688010.XSHG,1.905411
688011.XSHG,0.875405
688012.XSHG,1.701024
688013.XSHG,-0.113103
688015.XSHG,-0.204968
688016.XSHG,-0.516525
688017.XSHG,1.978159
688018.XSHG,0.837915
688019.XSHG,1.990692
688020.XSHG,2.703021
688021.XSHG,0.307375
688022.XSHG,-0.30181
688023.XSHG,0.458368
688025.XSHG,2.703021
688026.XSHG,0.608167
688027.XSHG,1.32298
688028.XSHG,2.703021
688029.XSHG,-0.698448
688030.XSHG,0.301177
688031.XSHG,2.064614
688032.XSHG,-0.279791
688033.XSHG,-0.188039
688035.XSHG,2.438962
688036.XSHG,-0.700929
688037.XSHG,1.9908
688038.XSHG,0.089891
688039.XSHG,1.44774
688041.XSHG,1.405843
688045.XSHG,1.801975
688046.XSHG,1.243878
688047.XSHG,1.163455
688048.XSHG,2.703021
688049.XSHG,1.202375
688050.XSHG,-0.821886
688051.XSHG,0.412084
688052.XSHG,1.567466
688053.XSHG,0.698066
688055.XSHG,1.040562
688056.XSHG,1.943202
688057.XSHG,1.105613
688058.XSHG,0.289671
688059.XSHG,2.46072
688060.XSHG,0.094087
688061.XSHG,1.436108
688062.XSHG,0.34882
688063.XSHG,0.499081
688065.XSHG,-0.463186
688066.XSHG,0.528107
688067.XSHG,-0.039232
688068.XSHG,0.237429
688069.XSHG,0.450984
688070.XSHG,0.570459
688071.XSHG,0.782451
688072.XSHG,1.338849
688073.XSHG,1.269687
688075.XSHG,-0.684465
688076.XSHG,-0.701329
688077.XSHG,0.871136
688078.XSHG,-0.156904
688079.XSHG,2.327793
688080.XSHG,0.47379
688081.XSHG,1.052686
688082.XSHG,1.743381
688083.XSHG,0.319991
688084.XSHG,0.872866
688085.XSHG,-0.386252
688087.XSHG,-0.998552
688088.XSHG,0.442225
688089.XSHG,0.021974
688090.XSHG,2.44799
688091.XSHG,0.553435
688092.XSHG,-0.046313
688093.XSHG,0.563206
688095.XSHG,0.715578
688096.XSHG,0.664629
688097.XSHG,1.577573
688098.XSHG,-0.038634
688099.XSHG,0.842955
688100.XSHG,-0.302539
688101.XSHG,-0.533118
688102.XSHG,1.742051
688103.XSHG,1.654901
688105.XSHG,0.703996
688106.XSHG,0.519748
688107.XSHG,1.596376
688108.XSHG,0.370218
688109.XSHG,0.423134
688110.XSHG,2.703021
688111.XSHG,0.326003
688112.XSHG,1.518345
688113.XSHG,0.215117
688114.XSHG,0.772738
688115.XSHG,1.196751
688116.XSHG,0.44932
688117.XSHG,0.475611
688118.XSHG,0.818466
688119.XSHG,0.788359
688120.XSHG,1.565831
688121.XSHG,-0.243299
688122.XSHG,0.794324
688123.XSHG,2.703021
688125.XSHG,2.412192
688126.XSHG,1.624289
688127.XSHG,2.044919
688128.XSHG,0.268018
688129.XSHG,0.116891
688130.XSHG,1.238431
688131.XSHG,0.801737
688132.XSHG,0.085283
688133.XSHG,0.94985
688135.XSHG,2.616477
688136.XSHG,0.171927
688137.XSHG,0.299292
688138.XSHG,1.582686
688139.XSHG,-0.350836
688141.XSHG,2.703021
688143.XSHG,2.703021
688146.XSHG,0.582152
688147.XSHG,2.703021
688148.XSHG,0.967988
688150.XSHG,2.639538
688151.XSHG,-0.29153
688152.XSHG,-0.036049
688153.XSHG,0.75264
688155.XSHG,0.970859
688156.XSHG,0.533079
688157.XSHG,0.382425
688158.XSHG,1.851376
688159.XSHG,1.963882
688160.XSHG,0.688152
688161.XSHG,-0.419174
688162.XSHG,0.361093
688163.XSHG,1.088626
688165.XSHG,0.95576
688166.XSHG,-0.636574
688167.XSHG,2.703021
688168.XSHG,1.726891
688169.XSHG,-0.408969
688170.XSHG,2.524764
688171.XSHG,1.300423
688172.XSHG,2.328087
688173.XSHG,1.664398
688175.XSHG,0.730632
688176.XSHG,0.012328
688177.XSHG,-0.379165
688178.XSHG,1.182613
688179.XSHG,1.60339
688180.XSHG,0.202783
688181.XSHG,1.645341
688182.XSHG,2.32253
688183.XSHG,2.703021
688184.XSHG,-0.018577
688185.XSHG,0.418082
688186.XSHG,0.216701
688187.XSHG,0.49347
688188.XSHG,0.065963
688189.XSHG,0.081812
688190.XSHG,0.738049
688191.XSHG,1.869248
688192.XSHG,0.065111
688193.XSHG,-0.145263
688195.XSHG,2.615018
688196.XSHG,-0.447314
688197.XSHG,0.184206
688198.XSHG,-0.483321
688199.XSHG,1.162701
688200.XSHG,2.200306
688201.XSHG,-0.013655
688202.XSHG,1.323583
688203.XSHG,0.03541
688205.XSHG,2.544764
688206.XSHG,1.388335
688207.XSHG,1.892858
688208.XSHG,0.263916
688209.XSHG,1.531257
688210.XSHG,1.592021
688211.XSHG,0.201256
688212.XSHG,-0.292178
688213.XSHG,0.549308
688215.XSHG,0.462009
688216.XSHG,2.163582
688217.XSHG,-0.068456
688218.XSHG,2.123735
688219.XSHG,0.319891
688220.XSHG,1.965014
688221.XSHG,1.298087
688222.XSHG,1.350901
688223.XSHG,0.437332
688225.XSHG,0.460827
688226.XSHG,1.592134
688227.XSHG,1.237523
688228.XSHG,1.429337
688229.XSHG,1.3302
688230.XSHG,1.571918
688231.XSHG,1.797295
688232.XSHG,-0.360834
688233.XSHG,2.703021
688234.XSHG,2.346357
688235.XSHG,0.501118
688236.XSHG,-0.263891
688237.XSHG,-0.250056
688238.XSHG,0.618692
688239.XSHG,1.69899
688244.XSHG,0.236784
688246.XSHG,0.303987
688247.XSHG,-0.508884
688248.XSHG,1.456077
688249.XSHG,2.046229
688251.XSHG,0.015837
688252.XSHG,1.501716
688253.XSHG,0.747656
688255.XSHG,0.775631
688256.XSHG,2.032855
688257.XSHG,2.703021
688258.XSHG,2.406709
688259.XSHG,0.935331
688260.XSHG,2.703021
688261.XSHG,2.703021
688262.XSHG,2.474223
688265.XSHG,0.528492
688266.XSHG,-0.025392
688267.XSHG,-0.165527
688268.XSHG,0.517802
688269.XSHG,0.1858
688270.XSHG,1.455288
688271.XSHG,-1.107326
688272.XSHG,1.128302
688273.XSHG,1.107559
688275.XSHG,1.033032
688276.XSHG,-0.530456
688277.XSHG,0.494705
688278.XSHG,-1.417433
688279.XSHG,1.219387
688280.XSHG,0.184373
688281.XSHG,0.44895
688282.XSHG,1.165365
688283.XSHG,1.248422
688285.XSHG,-0.415582
688286.XSHG,2.638341
688288.XSHG,-0.016215
688289.XSHG,-0.798049
688290.XSHG,0.797615
688291.XSHG,1.239731
688292.XSHG,0.688437
688293.XSHG,0.773082
688295.XSHG,1.026281
688296.XSHG,0.596406
688297.XSHG,-0.131238
688298.XSHG,-0.515477
688299.XSHG,0.997476
688300.XSHG,2.703021
688301.XSHG,0.837582
688302.XSHG,0.199807
688303.XSHG,-0.566887
688305.XSHG,0.248176
688306.XSHG,0.981118
688307.XSHG,2.384739
688308.XSHG,2.703021
688309.XSHG,0.611039
688310.XSHG,0.423077
688311.XSHG,1.217282
688312.XSHG,2.47505
688313.XSHG,2.703021
688314.XSHG,-0.265216
688315.XSHG,0.318973
688316.XSHG,1.724655
688317.XSHG,-0.069982
688318.XSHG,1.019909
688319.XSHG,1.401042
688320.XSHG,1.184409
688321.XSHG,0.56516
688322.XSHG,1.633249
688323.XSHG,2.327934
688325.XSHG,0.649073
688326.XSHG,0.373234
688327.XSHG,0.734291
688328.XSHG,2.703021
688329.XSHG,0.255603
688330.XSHG,0.255509
688331.XSHG,0.775025
688332.XSHG,2.15965
688333.XSHG,2.536899
688334.XSHG,-0.162618
688335.XSHG,0.60829
688336.XSHG,0.344033
688337.XSHG,1.941279
688338.XSHG,-0.063952
688339.XSHG,0.713912
688343.XSHG,1.815309
688345.XSHG,0.451163
688347.XSHG,2.525894
688348.XSHG,0.01539
688349.XSHG,-0.475205
688350.XSHG,0.621961
688351.XSHG,0.141943
688352.XSHG,2.422411
688353.XSHG,1.268287
688355.XSHG,0.547295
688356.XSHG,0.291953
688357.XSHG,0.156023
688358.XSHG,0.431529
688359.XSHG,2.703021
688360.XSHG,0.62894
688361.XSHG,2.377372
688362.XSHG,2.703021
688363.XSHG,-0.595235
688365.XSHG,1.065397
688366.XSHG,-0.703255
688367.XSHG,0.733478
688368.XSHG,2.353601
688369.XSHG,0.670432
688370.XSHG,-0.019967
688371.XSHG,2.703021
688372.XSHG,2.24953
688373.XSHG,0.135016
688375.XSHG,1.297707
688376.XSHG,2.152844
688377.XSHG,0.146348
688378.XSHG,2.229041
688379.XSHG,2.233957
688380.XSHG,2.206381
688381.XSHG,2.273379
688382.XSHG,0.183722
688383.XSHG,2.150221
688385.XSHG,1.746323
688386.XSHG,1.378824
688387.XSHG,2.387342
688388.XSHG,2.614194
688389.XSHG,-0.578206
688390.XSHG,0.825095
688391.XSHG,0.924074
688392.XSHG,2.221376
688393.XSHG,0.170231
688395.XSHG,0.167844
688396.XSHG,1.866155
688398.XSHG,0.445501
688399.XSHG,0.461684
688400.XSHG,1.614976
688401.XSHG,2.000855
688403.XSHG,2.703021
688408.XSHG,0.215222
688409.XSHG,2.316736
688410.XSHG,-0.288698
688411.XSHG,0.633517
688416.XSHG,2.703021
688418.XSHG,1.589856
688419.XSHG,2.672704
688420.XSHG,-0.078392
688425.XSHG,-0.721097
688426.XSHG,0.029716
688428.XSHG,0.293239
688429.XSHG,-0.325707
688432.XSHG,1.602359
688433.XSHG,1.924973
688435.XSHG,0.724735
688439.XSHG,0.587259
688443.XSHG,0.015855
688448.XSHG,0.620098
688449.XSHG,2.186632
688450.XSHG,2.196744
688455.XSHG,0.531317
688456.XSHG,2.222728
688458.XSHG,1.525313
688459.XSHG,-0.863664
688466.XSHG,-0.315249
688468.XSHG,-0.470739
688469.XSHG,1.271895
688472.XSHG,0.229245
688475.XSHG,-0.095551
688478.XSHG,2.703021
688479.XSHG,1.613041
688480.XSHG,1.632924
688484.XSHG,1.548358
688485.XSHG,2.525344
688486.XSHG,1.421964
688488.XSHG,0.075294
688489.XSHG,0.469885
688496.XSHG,-0.665452
688498.XSHG,2.392326
688499.XSHG,1.376091
688500.XSHG,1.075257
688501.XSHG,0.274164
688502.XSHG,2.507169
688503.XSHG,2.529751
688505.XSHG,-0.066495
688506.XSHG,-0.240555
688507.XSHG,2.396154
688508.XSHG,2.475228
688509.XSHG,0.296902
688510.XSHG,0.822406
688511.XSHG,1.786759
688512.XSHG,1.89734
688513.XSHG,-0.4177
688515.XSHG,2.703021
688516.XSHG,0.878072
688517.XSHG,0.441862
688518.XSHG,1.395329
688519.XSHG,2.703021
688520.XSHG,-0.073599
688521.XSHG,2.703021
688522.XSHG,-0.072126
688523.XSHG,1.542296
688525.XSHG,2.703021
688526.XSHG,-0.657624
688528.XSHG,0.061536
688529.XSHG,-0.102622
688530.XSHG,2.703021
688531.XSHG,2.583305
688533.XSHG,-0.111163
688535.XSHG,2.703021
688536.XSHG,2.084126
688538.XSHG,-0.428751
688539.XSHG,1.495212
688543.XSHG,0.20383
688545.XSHG,2.703021
688548.XSHG,1.309151
688549.XSHG,1.737884
688550.XSHG,0.681172
688551.XSHG,2.664776
688552.XSHG,0.358926
688553.XSHG,0.339661
688556.XSHG,1.800639
688557.XSHG,0.437977
688558.XSHG,0.932314
688559.XSHG,1.808596
688560.XSHG,0.413255
688561.XSHG,-0.277058
688562.XSHG,0.342934
688563.XSHG,-0.044836
688565.XSHG,0.17329
688566.XSHG,-0.516789
688567.XSHG,0.020102
688568.XSHG,0.622761
688569.XSHG,-1.195463
688570.XSHG,-0.672645
688571.XSHG,0.819195
688573.XSHG,0.781545
688575.XSHG,-0.478859
688576.XSHG,-0.034252
688577.XSHG,0.649356
688578.XSHG,-0.060741
688579.XSHG,0.045887
688580.XSHG,0.798739
688581.XSHG,-0.298075
688582.XSHG,1.635252
688583.XSHG,0.966921
688584.XSHG,1.261078
688585.XSHG,1.282865
688586.XSHG,0.209217
688588.XSHG,0.148523
688589.XSHG,1.143799
688590.XSHG,0.784969
688591.XSHG,0.707634
688592.XSHG,0.619997
688593.XSHG,2.075768
688595.XSHG,1.380544
688596.XSHG,2.195214
688597.XSHG,0.079132
688598.XSHG,2.703021
688599.XSHG,0.025636
688600.XSHG,1.12472
688601.XSHG,1.741731
688602.XSHG,0.360027
688603.XSHG,2.703021
688605.XSHG,1.481192
688606.XSHG,-0.79731
688607.XSHG,1.440564
688608.XSHG,0.349139
688609.XSHG,1.033289
688610.XSHG,2.703021
688611.XSHG,1.120673
688612.XSHG,0.575997
688613.XSHG,0.113765
688615.XSHG,0.86317
688616.XSHG,-0.154295
688617.XSHG,-1.031156
688618.XSHG,1.802716
688619.XSHG,1.544466
688620.XSHG,1.467324
688621.XSHG,0.334956
688622.XSHG,-0.829115
688623.XSHG,-0.198126
688625.XSHG,2.575113
688626.XSHG,0.481426
688627.XSHG,2.703021
688628.XSHG,2.110607
688629.XSHG,2.076418
688630.XSHG,2.703021
688631.XSHG,0.154499
688633.XSHG,0.493408
688635.XSHG,2.703021
688636.XSHG,1.062907
688638.XSHG,0.113277
688639.XSHG,-0.198472
688646.XSHG,1.044792
688648.XSHG,0.973457
688651.XSHG,0.550965
688652.XSHG,2.267948
688653.XSHG,1.472529
688655.XSHG,2.703021
688656.XSHG,0.454674
688657.XSHG,0.077307
688658.XSHG,0.471771
688659.XSHG,0.276792
688660.XSHG,0.09148
688661.XSHG,2.703021
688662.XSHG,2.703021
688663.XSHG,1.4498
688665.XSHG,1.092043
688667.XSHG,0.857292
688668.XSHG,2.703021
688669.XSHG,1.476814
688670.XSHG,0.521946
688671.XSHG,0.873001
688676.XSHG,1.839258
688677.XSHG,2.445604
688678.XSHG,1.536513
688679.XSHG,1.273355
688680.XSHG,0.176462
688681.XSHG,-0.000801
688682.XSHG,0.903694
688683.XSHG,1.623389
688685.XSHG,1.721369
688686.XSHG,1.463462
688687.XSHG,-0.179207
688689.XSHG,1.725302
688690.XSHG,1.319474
688691.XSHG,2.382812
688692.XSHG,0.437382
688693.XSHG,2.703021
688695.XSHG,0.127966
688696.XSHG,-0.474543
688697.XSHG,0.764511
688698.XSHG,0.77483
688699.XSHG,2.546293
688700.XSHG,2.450234
688701.XSHG,0.428277
688702.XSHG,2.317719
688707.XSHG,0.194303
688708.XSHG,0.088085
688709.XSHG,1.753128
688710.XSHG,0.663394
688711.XSHG,2.382889
688712.XSHG,0.185221
688716.XSHG,0.941755
688717.XSHG,0.432102
688718.XSHG,0.545451
688719.XSHG,2.019939
688720.XSHG,2.703021
688721.XSHG,1.353746
688722.XSHG,0.37362
688726.XSHG,0.773608
688727.XSHG,1.975462
688728.XSHG,1.851571
688729.XSHG,2.700442
688733.XSHG,2.703021
688737.XSHG,0.543133
688739.XSHG,-0.780408
688750.XSHG,0.441017
688755.XSHG,-0.459315
688757.XSHG,2.404223
688758.XSHG,0.171838
688759.XSHG,0.519763
688765.XSHG,0.526991
688766.XSHG,2.703021
688767.XSHG,0.481994
688768.XSHG,0.759422
688772.XSHG,0.414926
688775.XSHG,0.166704
688776.XSHG,0.844631
688777.XSHG,1.416949
688778.XSHG,0.749287
688779.XSHG,0.292801
688781.XSHG,1.429779
688783.XSHG,2.031208
688785.XSHG,1.986361
688786.XSHG,1.625016
688787.XSHG,1.810227
688788.XSHG,1.968127
688789.XSHG,-0.726341
688790.XSHG,1.078608
688793.XSHG,0.519372
688795.XSHG,0.67822
688796.XSHG,0.308503
688797.XSHG,2.703021
688798.XSHG,1.138634
688799.XSHG,0.570108
688800.XSHG,2.660337
688802.XSHG,1.177054
688805.XSHG,0.563208
688806.XSHG,2.703021
688807.XSHG,2.703021
688808.XSHG,2.703021
688809.XSHG,2.25012
688811.XSHG,1.411494
688813.XSHG,2.703021
688816.XSHG,-0.093682
688818.XSHG,1.455244
688819.XSHG,-0.485707
688820.XSHG,2.703021
688825.XSHG,1.061901
688826.XSHG,1.488581
688828.XSHG,0.475061
688835.XSHG,0.425689
688836.XSHG,0.707946
688981.XSHG,1.353856
689009.XSHG,-1.072223
